config,method,phase,status,seed,N,d,V,k,dtype,collision_vocab,time_ms,peak_alloc_mb,peak_reserved_mb,tflops_est,max_abs_err,mean_abs_err
sweep_k16,fused,correctness_forward,ok,0,4096,768,50257,16,fp16,,,,,,0.0625,0.004617603961378336
sweep_k16,fused,correctness_grad_H,ok,0,4096,768,50257,16,fp16,,,,,,0.0,0.0
sweep_k16,fused,correctness_grad_W,ok,0,4096,768,50257,16,fp16,,,,,,0.0078125,3.499487866065465e-05
sweep_k16,fused,forward,ok,0,4096,768,50257,16,fp16,,0.6188339233398438,84.279296,100.663296,0.16266609215073516,,
sweep_k16,fused,fwd_bwd,ok,0,4096,768,50257,16,fp16,,1.2723302459716797,323.48672,333.447168,0.23735181094384034,,
sweep_k16,naive_subset,forward,ok,0,4096,768,50257,16,fp16,,0.4677222442626953,285.999104,301.989888,0.21522024499536663,,
sweep_k16,naive_subset,fwd_bwd,ok,0,4096,768,50257,16,fp16,,1.3861273193359376,393.217024,404.750336,0.21786590869926473,,
sweep_k16,dense_gemm,forward,ok,0,4096,768,50257,16,fp16,,4.804013977050781,505.028608,513.80224,0.020953997319924107,,
sweep_k16,dense_gemm,fwd_bwd,ok,0,4096,768,50257,16,fp16,,12.8631298828125,925.385728,1340.080128,0.023477170078451425,,
sweep_k16,fused,forward,ok,0,4096,768,50257,16,fp16,50257,0.48210945129394533,100.918784,436.207616,0.20879759923774013,,
sweep_k16,fused,backward_only,ok,0,4096,768,50257,16,fp16,50257,0.48914432525634766,261.599744,436.207616,0.3086920080711711,,
sweep_k16,fused,fwd_bwd,ok,0,4096,768,50257,16,fp16,50257,1.1696947479248048,338.926592,436.207616,0.25817837391829834,,
sweep_k16,fused,forward,ok,0,4096,768,50257,16,fp16,4096,0.4742655944824219,100.918784,436.207616,0.21225089310949577,,
sweep_k16,fused,backward_only,ok,0,4096,768,50257,16,fp16,4096,0.42961921691894533,261.599744,436.207616,0.35146226717434675,,
sweep_k16,fused,fwd_bwd,ok,0,4096,768,50257,16,fp16,4096,1.0979840087890624,338.926592,436.207616,0.2750403335409745,,
sweep_k16,fused,forward,ok,0,4096,768,50257,16,fp16,512,0.4636876678466797,100.918784,436.207616,0.21709289027993892,,
sweep_k16,fused,backward_only,ok,0,4096,768,50257,16,fp16,512,0.42812416076660154,261.599744,436.207616,0.3526896116529084,,
sweep_k16,fused,fwd_bwd,ok,0,4096,768,50257,16,fp16,512,1.0871910095214843,338.926592,436.207616,0.2777707738154657,,
sweep_k16,fused,forward,ok,0,4096,768,50257,16,fp16,64,0.38202369689941407,100.918784,436.207616,0.2635001357690761,,
sweep_k16,fused,backward_only,ok,0,4096,768,50257,16,fp16,64,0.4279808044433594,261.599744,436.207616,0.35280774846055796,,
sweep_k16,fused,fwd_bwd,ok,0,4096,768,50257,16,fp16,64,1.0066841888427733,338.926592,436.207616,0.29998473339205844,,
sweep_k16,fused,correctness_forward,ok,1,4096,768,50257,16,fp16,,,,,,0.0625,0.004580358974635601
sweep_k16,fused,correctness_grad_H,ok,1,4096,768,50257,16,fp16,,,,,,0.0009765625,3.892637323588133e-10
sweep_k16,fused,correctness_grad_W,ok,1,4096,768,50257,16,fp16,,,,,,0.0078125,3.54770636477042e-05
sweep_k16,fused,forward,ok,1,4096,768,50257,16,fp16,,0.48339969635009766,100.918784,436.207616,0.2082402963015011,,
sweep_k16,fused,fwd_bwd,ok,1,4096,768,50257,16,fp16,,1.1692646026611329,338.926592,436.207616,0.2582733517398032,,
sweep_k16,naive_subset,forward,ok,1,4096,768,50257,16,fp16,,0.4596326446533203,302.638592,436.207616,0.21900815177287,,
sweep_k16,naive_subset,fwd_bwd,ok,1,4096,768,50257,16,fp16,,1.3851852416992188,409.856512,438.304768,0.21801408137264472,,
sweep_k16,dense_gemm,forward,ok,1,4096,768,50257,16,fp16,,4.803870849609375,513.148416,849.34656,0.02095462162730403,,
sweep_k16,dense_gemm,fwd_bwd,ok,1,4096,768,50257,16,fp16,,12.8528076171875,924.985856,1262.485504,0.02349602491491136,,
sweep_k16,fused,forward,ok,1,4096,768,50257,16,fp16,50257,0.4836454391479492,100.918784,436.207616,0.20813448830891726,,
sweep_k16,fused,backward_only,ok,1,4096,768,50257,16,fp16,50257,0.48827392578125,261.599744,436.207616,0.3092422839462592,,
sweep_k16,fused,fwd_bwd,ok,1,4096,768,50257,16,fp16,50257,1.1675033569335938,338.926592,436.207616,0.2586629718934305,,
sweep_k16,fused,forward,ok,1,4096,768,50257,16,fp16,4096,0.47341567993164063,100.918784,436.207616,0.21263194327347879,,
sweep_k16,fused,backward_only,ok,1,4096,768,50257,16,fp16,4096,0.4290047836303711,261.599744,436.207616,0.35196564178663486,,
sweep_k16,fused,fwd_bwd,ok,1,4096,768,50257,16,fp16,4096,1.0981478118896484,338.926592,436.207616,0.2749993076800363,,
sweep_k16,fused,forward,ok,1,4096,768,50257,16,fp16,512,0.4594073486328125,100.918784,436.207616,0.21911555463701668,,
sweep_k16,fused,backward_only,ok,1,4096,768,50257,16,fp16,512,0.4275302505493164,261.599744,436.207616,0.3531795558466159,,
sweep_k16,fused,fwd_bwd,ok,1,4096,768,50257,16,fp16,512,1.086904296875,338.926592,436.207616,0.2778440464981716,,
sweep_k16,fused,forward,ok,1,4096,768,50257,16,fp16,64,0.38302719116210937,100.918784,436.207616,0.26280979085214884,,
sweep_k16,fused,backward_only,ok,1,4096,768,50257,16,fp16,64,0.4272844696044922,261.599744,436.207616,0.35338271044525826,,
sweep_k16,fused,fwd_bwd,ok,1,4096,768,50257,16,fp16,64,1.0082508850097656,338.926592,436.207616,0.2995185945183425,,
sweep_k16,fused,correctness_forward,ok,2,4096,768,50257,16,fp16,,,,,,0.0625,0.004605901427567005
sweep_k16,fused,correctness_grad_H,ok,2,4096,768,50257,16,fp16,,,,,,6.103515625e-05,3.8805108432127255e-11
sweep_k16,fused,correctness_grad_W,ok,2,4096,768,50257,16,fp16,,,,,,0.0078125,3.556945739546791e-05
sweep_k16,fused,forward,ok,2,4096,768,50257,16,fp16,,0.4841779327392578,100.918784,436.207616,0.20790558427661707,,
sweep_k16,fused,fwd_bwd,ok,2,4096,768,50257,16,fp16,,1.1696537780761718,338.926592,436.207616,0.25818741721734806,,
sweep_k16,naive_subset,forward,ok,2,4096,768,50257,16,fp16,,0.45946880340576174,302.638592,436.207616,0.21908624754029965,,
sweep_k16,naive_subset,fwd_bwd,ok,2,4096,768,50257,16,fp16,,1.3861581420898437,409.856512,438.304768,0.21786106421068552,,
sweep_k16,dense_gemm,forward,ok,2,4096,768,50257,16,fp16,,4.8035430908203125,513.148416,849.34656,0.020956051418039738,,
sweep_k16,dense_gemm,fwd_bwd,ok,2,4096,768,50257,16,fp16,,12.855111083984376,924.985856,1262.485504,0.023491814736337525,,
sweep_k16,fused,forward,ok,2,4096,768,50257,16,fp16,50257,0.4841267013549805,100.918784,436.207616,0.20792758531653424,,
sweep_k16,fused,backward_only,ok,2,4096,768,50257,16,fp16,50257,0.48908287048339844,261.599744,436.207616,0.30873079617521676,,
sweep_k16,fused,fwd_bwd,ok,2,4096,768,50257,16,fp16,50257,1.1701248168945313,338.926592,436.207616,0.2580834827531222,,
sweep_k16,fused,forward,ok,2,4096,768,50257,16,fp16,4096,0.47468544006347657,100.918784,436.207616,0.21206316331619304,,
sweep_k16,fused,backward_only,ok,2,4096,768,50257,16,fp16,4096,0.42994686126708986,261.599744,436.207616,0.35119443262128974,,
sweep_k16,fused,fwd_bwd,ok,2,4096,768,50257,16,fp16,4096,1.0963251495361328,338.926592,436.207616,0.2754564994954054,,
sweep_k16,fused,forward,ok,2,4096,768,50257,16,fp16,512,0.4584755325317383,100.918784,436.207616,0.21956089007439347,,
sweep_k16,fused,backward_only,ok,2,4096,768,50257,16,fp16,512,0.4276121520996094,261.599744,436.207616,0.353111910544644,,
sweep_k16,fused,fwd_bwd,ok,2,4096,768,50257,16,fp16,512,1.0856345367431641,338.926592,436.207616,0.2781690134010943,,
sweep_k16,fused,forward,ok,2,4096,768,50257,16,fp16,64,0.38236160278320314,100.918784,436.207616,0.26326727178480713,,
sweep_k16,fused,backward_only,ok,2,4096,768,50257,16,fp16,64,0.4272537612915039,261.599744,436.207616,0.3534081093717515,,
sweep_k16,fused,fwd_bwd,ok,2,4096,768,50257,16,fp16,64,1.0077388763427735,338.926592,436.207616,0.29967077294463806,,
sweep_k32,fused,correctness_forward,ok,0,4096,768,50257,32,fp16,,,,,,0.0625,0.004608207382261753
sweep_k32,fused,correctness_grad_H,ok,0,4096,768,50257,32,fp16,,,,,,0.001953125,1.165062712971121e-09
sweep_k32,fused,correctness_grad_W,ok,0,4096,768,50257,32,fp16,,,,,,0.015625,0.00015396041271742433
sweep_k32,fused,forward,ok,0,4096,768,50257,32,fp16,,0.7918284606933593,101.312,436.207616,0.2542553115907323,,
sweep_k32,fused,fwd_bwd,ok,0,4096,768,50257,32,fp16,,1.8251776123046874,339.45088,436.207616,0.3309156171586736,,
sweep_k32,naive_subset,forward,ok,0,4096,768,50257,32,fp16,,0.8912895965576172,504.751616,637.534208,0.22588235381359048,,
sweep_k32,naive_subset,fwd_bwd,ok,0,4096,768,50257,32,fp16,,2.533201904296875,712.894976,843.055104,0.2384254389575168,,
sweep_k32,dense_gemm,forward,ok,0,4096,768,50257,32,fp16,,4.803020935058594,514.06592,849.34656,0.04191665926968188,,
sweep_k32,dense_gemm,fwd_bwd,ok,0,4096,768,50257,32,fp16,,12.8610205078125,926.034432,1264.582656,0.046962041280714004,,
sweep_k32,fused,forward,ok,0,4096,768,50257,32,fp16,50257,0.7920639801025391,101.312,436.207616,0.25417970903554615,,
sweep_k32,fused,backward_only,ok,0,4096,768,50257,32,fp16,50257,0.838287353515625,261.99296,436.207616,0.36024626487982814,,
sweep_k32,fused,fwd_bwd,ok,0,4096,768,50257,32,fp16,50257,1.8253517150878906,339.45088,436.207616,0.33088405429356854,,
sweep_k32,fused,forward,ok,0,4096,768,50257,32,fp16,4096,0.76906494140625,101.312,436.207616,0.26178100334657106,,
sweep_k32,fused,backward_only,ok,0,4096,768,50257,32,fp16,4096,0.7328358459472656,261.99296,436.207616,0.41208394713504637,,
sweep_k32,fused,fwd_bwd,ok,0,4096,768,50257,32,fp16,4096,1.6946585083007812,339.45088,436.207616,0.35640205565993655,,
sweep_k32,fused,forward,ok,0,4096,768,50257,32,fp16,512,0.7437619018554688,101.312,436.207616,0.27068688446900674,,
sweep_k32,fused,backward_only,ok,0,4096,768,50257,32,fp16,512,0.7305010986328125,261.99296,436.207616,0.4134010045504335,,
sweep_k32,fused,fwd_bwd,ok,0,4096,768,50257,32,fp16,512,1.6714341735839844,339.45088,436.207616,0.3613542103814428,,
sweep_k32,fused,forward,ok,0,4096,768,50257,32,fp16,64,0.6150143814086914,101.312,436.207616,0.3273526572482112,,
sweep_k32,fused,backward_only,ok,0,4096,768,50257,32,fp16,64,0.7295283508300782,261.99296,436.207616,0.4139522304464073,,
sweep_k32,fused,fwd_bwd,ok,0,4096,768,50257,32,fp16,64,1.5387545776367189,339.45088,436.207616,0.3925120904774928,,
sweep_k32,fused,correctness_forward,ok,1,4096,768,50257,32,fp16,,,,,,0.0625,0.0045853424817323685
sweep_k32,fused,correctness_grad_H,ok,1,4096,768,50257,32,fp16,,,,,,0.00390625,2.1827872842550278e-09
sweep_k32,fused,correctness_grad_W,ok,1,4096,768,50257,32,fp16,,,,,,0.015625,0.0001538473879918456
sweep_k32,fused,forward,ok,1,4096,768,50257,32,fp16,,0.7918899536132813,101.312,436.207616,0.2542355678101173,,
sweep_k32,fused,fwd_bwd,ok,1,4096,768,50257,32,fp16,,1.8264064025878906,339.45088,436.207616,0.33069298002032993,,
sweep_k32,naive_subset,forward,ok,1,4096,768,50257,32,fp16,,0.8914841461181641,504.751616,637.534208,0.22583305926038827,,
sweep_k32,naive_subset,fwd_bwd,ok,1,4096,768,50257,32,fp16,,2.5331301879882813,712.894976,843.055104,0.2384321891010499,,
sweep_k32,dense_gemm,forward,ok,1,4096,768,50257,32,fp16,,4.800645141601563,514.06592,849.34656,0.04193740342424781,,
sweep_k32,dense_gemm,fwd_bwd,ok,1,4096,768,50257,32,fp16,,12.863836669921875,926.034432,1264.582656,0.046951760310531686,,
sweep_k32,fused,forward,ok,1,4096,768,50257,32,fp16,50257,0.7920435333251953,101.312,436.207616,0.2541862707404238,,
sweep_k32,fused,backward_only,ok,1,4096,768,50257,32,fp16,50257,0.8370893096923828,261.99296,436.207616,0.3607618500240751,,
sweep_k32,fused,fwd_bwd,ok,1,4096,768,50257,32,fp16,50257,1.827000274658203,339.45088,436.207616,0.33058548724793874,,
sweep_k32,fused,forward,ok,1,4096,768,50257,32,fp16,4096,0.7747277069091797,101.312,436.207616,0.25986755114671695,,
sweep_k32,fused,backward_only,ok,1,4096,768,50257,32,fp16,4096,0.7328256225585937,261.99296,436.207616,0.41208969597109596,,
sweep_k32,fused,fwd_bwd,ok,1,4096,768,50257,32,fp16,4096,1.6970343017578124,339.45088,436.207616,0.35590310424155186,,
sweep_k32,fused,forward,ok,1,4096,768,50257,32,fp16,512,0.7436185455322266,101.312,436.207616,0.27073906804718734,,
sweep_k32,fused,backward_only,ok,1,4096,768,50257,32,fp16,512,0.7305318450927735,261.99296,436.207616,0.4133836054219498,,
sweep_k32,fused,fwd_bwd,ok,1,4096,768,50257,32,fp16,512,1.6719462585449218,339.45088,436.207616,0.36124353454137786,,
sweep_k32,fused,forward,ok,1,4096,768,50257,32,fp16,64,0.6147379302978515,101.312,436.207616,0.3274998695825612,,
sweep_k32,fused,backward_only,ok,1,4096,768,50257,32,fp16,64,0.72953857421875,261.99296,436.207616,0.41394642952690425,,
sweep_k32,fused,fwd_bwd,ok,1,4096,768,50257,32,fp16,64,1.5382630920410156,339.45088,436.207616,0.3926375007792852,,
sweep_k32,fused,correctness_forward,ok,2,4096,768,50257,32,fp16,,,,,,0.0625,0.004546997137367725
sweep_k32,fused,correctness_grad_H,ok,2,4096,768,50257,32,fp16,,,,,,0.001953125,1.025985851832445e-09
sweep_k32,fused,correctness_grad_W,ok,2,4096,768,50257,32,fp16,,,,,,0.015625,0.00015440330025739968
sweep_k32,fused,forward,ok,2,4096,768,50257,32,fp16,,0.7907328033447265,101.312,436.207616,0.254607613530648,,
sweep_k32,fused,fwd_bwd,ok,2,4096,768,50257,32,fp16,,1.8228428649902344,339.45088,436.207616,0.3313394629894419,,
sweep_k32,naive_subset,forward,ok,2,4096,768,50257,32,fp16,,0.8917913818359375,504.751616,637.534208,0.22575525633083318,,
sweep_k32,naive_subset,fwd_bwd,ok,2,4096,768,50257,32,fp16,,2.5327308654785154,712.894976,843.055104,0.23846978146487288,,
sweep_k32,dense_gemm,forward,ok,2,4096,768,50257,32,fp16,,4.801239013671875,514.06592,849.34656,0.041932216127276316,,
sweep_k32,dense_gemm,fwd_bwd,ok,2,4096,768,50257,32,fp16,,12.86697998046875,926.034432,1264.582656,0.04694029033361384,,
sweep_k32,fused,forward,ok,2,4096,768,50257,32,fp16,50257,0.7907942199707031,101.312,436.207616,0.25458783956142045,,
sweep_k32,fused,backward_only,ok,2,4096,768,50257,32,fp16,50257,0.8378368377685547,261.99296,436.207616,0.36043997397429084,,
sweep_k32,fused,fwd_bwd,ok,2,4096,768,50257,32,fp16,50257,1.8269593811035156,339.45088,436.207616,0.33059288687370025,,
sweep_k32,fused,forward,ok,2,4096,768,50257,32,fp16,4096,0.7718502044677734,101.312,436.207616,0.2608363524873638,,
sweep_k32,fused,backward_only,ok,2,4096,768,50257,32,fp16,4096,0.7330099487304688,261.99296,436.207616,0.41198606993401543,,
sweep_k32,fused,fwd_bwd,ok,2,4096,768,50257,32,fp16,4096,1.6930712890625,339.45088,436.207616,0.35673617519935624,,
sweep_k32,fused,forward,ok,2,4096,768,50257,32,fp16,512,0.7432089233398438,101.312,436.207616,0.2708882868295976,,
sweep_k32,fused,backward_only,ok,2,4096,768,50257,32,fp16,512,0.7306854248046875,261.99296,436.207616,0.4132967180517143,,
sweep_k32,fused,fwd_bwd,ok,2,4096,768,50257,32,fp16,512,1.6706048583984374,339.45088,436.207616,0.36153359243730365,,
sweep_k32,fused,forward,ok,2,4096,768,50257,32,fp16,64,0.612485122680664,101.312,436.207616,0.32870446080200905,,
sweep_k32,fused,backward_only,ok,2,4096,768,50257,32,fp16,64,0.7295692443847657,261.99296,436.207616,0.41392902774384815,,
sweep_k32,fused,fwd_bwd,ok,2,4096,768,50257,32,fp16,64,1.536768035888672,339.45088,436.207616,0.3930194810765533,,
sweep_k64,fused,correctness_forward,ok,0,4096,768,50257,64,fp16,,,,,,0.125,0.004578608088195324
sweep_k64,fused,correctness_grad_H,ok,0,4096,768,50257,64,fp16,,,,,,0.0078125,6.924589790457958e-09
sweep_k64,fused,correctness_grad_W,ok,0,4096,768,50257,64,fp16,,,,,,0.0234375,0.00047074563917703927
sweep_k64,fused,forward,ok,0,4096,768,50257,64,fp16,,1.6963481140136718,102.098432,436.207616,0.2373647134533583,,
sweep_k64,fused,fwd_bwd,ok,0,4096,768,50257,64,fp16,,3.4279934692382814,340.499456,438.304768,0.35238093737337695,,
sweep_k64,naive_subset,forward,ok,0,4096,768,50257,64,fp16,,1.7583001708984376,908.977664,1241.513984,0.22900139047035212,,
sweep_k64,naive_subset,fwd_bwd,ok,0,4096,768,50257,64,fp16,,4.851763305664062,1318.971904,1646.26432,0.24897330638322765,,
sweep_k64,dense_gemm,forward,ok,0,4096,768,50257,64,fp16,,4.810352783203125,515.900928,849.34656,0.08370554139105796,,
sweep_k64,dense_gemm,fwd_bwd,ok,0,4096,768,50257,64,fp16,,12.89238525390625,928.131584,1264.582656,0.09369558295149469,,
sweep_k64,fused,forward,ok,0,4096,768,50257,64,fp16,50257,1.6960614013671875,102.098432,436.207616,0.23740483904381238,,
sweep_k64,fused,backward_only,ok,0,4096,768,50257,64,fp16,50257,1.5320474243164062,262.779392,436.207616,0.39423046990173527,,
sweep_k64,fused,fwd_bwd,ok,0,4096,768,50257,64,fp16,50257,3.429068908691406,340.499456,438.304768,0.35227042213653814,,
sweep_k64,fused,forward,ok,0,4096,768,50257,64,fp16,4096,1.5348019409179687,102.098432,436.207616,0.262348628357332,,
sweep_k64,fused,backward_only,ok,0,4096,768,50257,64,fp16,4096,1.3403340148925782,262.779392,436.207616,0.45061885268084184,,
sweep_k64,fused,fwd_bwd,ok,0,4096,768,50257,64,fp16,4096,3.0703411865234376,340.499456,438.304768,0.39342844283953293,,
sweep_k64,fused,forward,ok,0,4096,768,50257,64,fp16,512,1.4769255065917968,102.098432,436.207616,0.2726293115007379,,
sweep_k64,fused,backward_only,ok,0,4096,768,50257,64,fp16,512,1.337241668701172,262.779392,436.207616,0.4516609002968251,,
sweep_k64,fused,fwd_bwd,ok,0,4096,768,50257,64,fp16,512,3.01380615234375,340.499456,438.304768,0.40080864227468804,,
sweep_k64,fused,forward,ok,0,4096,768,50257,64,fp16,64,1.2072140502929687,102.098432,436.207616,0.3335391796527579,,
sweep_k64,fused,backward_only,ok,0,4096,768,50257,64,fp16,64,1.3353779602050782,262.779392,436.207616,0.4522912568567815,,
sweep_k64,fused,fwd_bwd,ok,0,4096,768,50257,64,fp16,64,2.7376742553710938,340.499456,438.304768,0.4412356764615373,,
sweep_k64,fused,correctness_forward,ok,1,4096,768,50257,64,fp16,,,,,,0.0625,0.004580524750053883
sweep_k64,fused,correctness_grad_H,ok,1,4096,768,50257,64,fp16,,,,,,0.0078125,5.400655478382532e-09
sweep_k64,fused,correctness_grad_W,ok,1,4096,768,50257,64,fp16,,,,,,0.0234375,0.00047083309618756175
sweep_k64,fused,forward,ok,1,4096,768,50257,64,fp16,,1.697751007080078,102.098432,436.207616,0.23716857320115137,,
sweep_k64,fused,fwd_bwd,ok,1,4096,768,50257,64,fp16,,3.4260787963867188,340.499456,438.304768,0.3525778663567117,,
sweep_k64,naive_subset,forward,ok,1,4096,768,50257,64,fp16,,1.7586585998535156,908.977664,1241.513984,0.22895471812069626,,
sweep_k64,naive_subset,fwd_bwd,ok,1,4096,768,50257,64,fp16,,4.8502783203125,1318.971904,1646.26432,0.24904953328991064,,
sweep_k64,dense_gemm,forward,ok,1,4096,768,50257,64,fp16,,4.809758605957032,515.900928,849.34656,0.08371588201979656,,
sweep_k64,dense_gemm,fwd_bwd,ok,1,4096,768,50257,64,fp16,,12.891904296875,928.131584,1264.582656,0.0936990784435787,,
sweep_k64,fused,forward,ok,1,4096,768,50257,64,fp16,50257,1.6981196594238281,102.098432,436.207616,0.23711708522155628,,
sweep_k64,fused,backward_only,ok,1,4096,768,50257,64,fp16,50257,1.5317913818359374,262.779392,436.207616,0.39429636643868343,,
sweep_k64,fused,fwd_bwd,ok,1,4096,768,50257,64,fp16,50257,3.4211019897460937,340.499456,438.304768,0.35309077473298356,,
sweep_k64,fused,forward,ok,1,4096,768,50257,64,fp16,4096,1.5334809875488282,102.098432,436.207616,0.26257461766357826,,
sweep_k64,fused,backward_only,ok,1,4096,768,50257,64,fp16,4096,1.340457000732422,262.779392,436.207616,0.4505775087675227,,
sweep_k64,fused,fwd_bwd,ok,1,4096,768,50257,64,fp16,4096,3.07209228515625,340.499456,438.304768,0.3932041878548455,,
sweep_k64,fused,forward,ok,1,4096,768,50257,64,fp16,512,1.4785433959960939,102.098432,436.207616,0.2723309881132929,,
sweep_k64,fused,backward_only,ok,1,4096,768,50257,64,fp16,512,1.3372312927246093,262.779392,436.207616,0.45166440486850334,,
sweep_k64,fused,fwd_bwd,ok,1,4096,768,50257,64,fp16,512,3.0144921875,340.499456,438.304768,0.4007174266395408,,
sweep_k64,fused,forward,ok,1,4096,768,50257,64,fp16,64,1.210992660522461,102.098432,436.207616,0.3324984511683849,,
sweep_k64,fused,backward_only,ok,1,4096,768,50257,64,fp16,64,1.3353779602050782,262.779392,436.207616,0.4522912568567815,,
sweep_k64,fused,fwd_bwd,ok,1,4096,768,50257,64,fp16,64,2.7397735595703123,340.499456,438.304768,0.4408975872405485,,
sweep_k64,fused,correctness_forward,ok,2,4096,768,50257,64,fp16,,,,,,0.0625,0.004591111093759537
sweep_k64,fused,correctness_grad_H,ok,2,4096,768,50257,64,fp16,,,,,,0.00390625,4.838966560782865e-09
sweep_k64,fused,correctness_grad_W,ok,2,4096,768,50257,64,fp16,,,,,,0.0234375,0.00047057808842509985
sweep_k64,fused,forward,ok,2,4096,768,50257,64,fp16,,1.6980172729492187,102.098432,436.207616,0.2371313828278364,,
sweep_k64,fused,fwd_bwd,ok,2,4096,768,50257,64,fp16,,3.4220440673828123,340.499456,438.304768,0.35299356998749887,,
sweep_k64,naive_subset,forward,ok,2,4096,768,50257,64,fp16,,1.7584742736816406,908.977664,1241.513984,0.2289787175316376,,
sweep_k64,naive_subset,fwd_bwd,ok,2,4096,768,50257,64,fp16,,4.850473022460937,1318.971904,1646.26432,0.24903953622797997,,
sweep_k64,dense_gemm,forward,ok,2,4096,768,50257,64,fp16,,4.812666931152344,515.900928,849.34656,0.08366529198055034,,
sweep_k64,dense_gemm,fwd_bwd,ok,2,4096,768,50257,64,fp16,,12.894207763671876,928.131584,1264.582656,0.09368233970940841,,
sweep_k64,fused,forward,ok,2,4096,768,50257,64,fp16,50257,1.6981094360351563,102.098432,436.207616,0.2371185127739104,,
sweep_k64,fused,backward_only,ok,2,4096,768,50257,64,fp16,50257,1.532989501953125,262.779392,436.207616,0.3939882009827802,,
sweep_k64,fused,fwd_bwd,ok,2,4096,768,50257,64,fp16,50257,3.429109802246094,340.499456,438.304768,0.3522662211658481,,
sweep_k64,fused,forward,ok,2,4096,768,50257,64,fp16,4096,1.5322828674316407,102.098432,436.207616,0.2627799295797866,,
sweep_k64,fused,backward_only,ok,2,4096,768,50257,64,fp16,4096,1.340590057373047,262.779392,436.207616,0.45053278791544116,,
sweep_k64,fused,fwd_bwd,ok,2,4096,768,50257,64,fp16,4096,3.07019775390625,340.499456,438.304768,0.3934468229165689,,
sweep_k64,fused,forward,ok,2,4096,768,50257,64,fp16,512,1.478348846435547,102.098432,436.207616,0.27236682665991774,,
sweep_k64,fused,backward_only,ok,2,4096,768,50257,64,fp16,512,1.3374771118164062,262.779392,436.207616,0.45158139205817494,,
sweep_k64,fused,fwd_bwd,ok,2,4096,768,50257,64,fp16,512,3.0146661376953126,340.499456,438.304768,0.4006943047177606,,
sweep_k64,fused,forward,ok,2,4096,768,50257,64,fp16,64,1.2113510131835938,102.098432,436.207616,0.3324000885109042,,
sweep_k64,fused,backward_only,ok,2,4096,768,50257,64,fp16,64,1.3357260131835937,262.779392,436.207616,0.45217340235851483,,
sweep_k64,fused,fwd_bwd,ok,2,4096,768,50257,64,fp16,64,2.7416372680664063,340.499456,438.304768,0.44059787414982776,,
sweep_k128,fused,correctness_forward,ok,0,4096,768,50257,128,fp16,,,,,,0.0625,0.004575998522341251
sweep_k128,fused,correctness_grad_H,ok,0,4096,768,50257,128,fp16,,,,,,0.015625,3.1677625855763836e-08
sweep_k128,fused,correctness_grad_W,ok,0,4096,768,50257,128,fp16,,,,,,0.03125,0.0010727252811193466
sweep_k128,fused,forward,ok,0,4096,768,50257,128,fp16,,3.3311947631835936,103.671296,436.207616,0.2417470082807094,,
sweep_k128,fused,fwd_bwd,ok,0,4096,768,50257,128,fp16,,6.4520806884765625,342.596608,438.304768,0.37444031168346037,,
sweep_k128,naive_subset,forward,ok,0,4096,768,50257,128,fp16,,3.49412353515625,1717.42976,2046.820352,0.2304744980815306,,
sweep_k128,naive_subset,fwd_bwd,ok,0,4096,768,50257,128,fp16,,9.383311157226563,2531.12576,2854.223872,0.25746978476136095,,
sweep_k128,dense_gemm,forward,ok,0,4096,768,50257,128,fp16,,4.832757873535156,519.570944,849.34656,0.16663495028583325,,
sweep_k128,dense_gemm,fwd_bwd,ok,0,4096,768,50257,128,fp16,,12.959580078125,932.325888,1264.582656,0.18641955136169325,,
sweep_k128,fused,forward,ok,0,4096,768,50257,128,fp16,50257,3.3311334228515626,103.671296,436.207616,0.24175145987116617,,
sweep_k128,fused,backward_only,ok,0,4096,768,50257,128,fp16,50257,2.925189208984375,264.352256,436.207616,0.41295091212899804,,
sweep_k128,fused,fwd_bwd,ok,0,4096,768,50257,128,fp16,50257,6.4628533935546875,342.596608,438.304768,0.37381617017792207,,
sweep_k128,fused,forward,ok,0,4096,768,50257,128,fp16,4096,2.9215948486328127,103.671296,436.207616,0.27563930309394213,,
sweep_k128,fused,backward_only,ok,0,4096,768,50257,128,fp16,4096,2.5609112548828126,264.352256,436.207616,0.47169129726647874,,
sweep_k128,fused,fwd_bwd,ok,0,4096,768,50257,128,fp16,4096,5.677434692382812,342.596608,438.304768,0.42553005624905604,,
sweep_k128,fused,forward,ok,0,4096,768,50257,128,fp16,512,2.806640625,103.671296,436.207616,0.28692892165344464,,
sweep_k128,fused,backward_only,ok,0,4096,768,50257,128,fp16,512,2.5570713806152345,264.352256,436.207616,0.47239962136268704,,
sweep_k128,fused,fwd_bwd,ok,0,4096,768,50257,128,fp16,512,5.56305419921875,342.596608,438.304768,0.43427926773377123,,
sweep_k128,fused,forward,ok,0,4096,768,50257,128,fp16,64,2.2929203796386717,103.671296,436.207616,0.35121427466526495,,
sweep_k128,fused,backward_only,ok,0,4096,768,50257,128,fp16,64,2.553538513183594,264.352256,436.207616,0.4730531949150008,,
sweep_k128,fused,fwd_bwd,ok,0,4096,768,50257,128,fp16,64,5.038540649414062,342.596608,438.304768,0.4794878660512444,,
sweep_k128,fused,correctness_forward,ok,1,4096,768,50257,128,fp16,,,,,,0.0625,0.004578839987516403
sweep_k128,fused,correctness_grad_H,ok,1,4096,768,50257,128,fp16,,,,,,0.015625,2.9663169698324054e-08
sweep_k128,fused,correctness_grad_W,ok,1,4096,768,50257,128,fp16,,,,,,0.046875,0.0010721482103690505
sweep_k128,fused,forward,ok,1,4096,768,50257,128,fp16,,3.3313995361328126,103.671296,436.207616,0.2417321486857213,,
sweep_k128,fused,fwd_bwd,ok,1,4096,768,50257,128,fp16,,6.454589233398438,342.596608,438.304768,0.37429478726533655,,
sweep_k128,naive_subset,forward,ok,1,4096,768,50257,128,fp16,,3.494615173339844,1717.42976,2046.820352,0.23044207389231916,,
sweep_k128,naive_subset,fwd_bwd,ok,1,4096,768,50257,128,fp16,,9.383997192382813,2531.12576,2854.223872,0.2574509619377393,,
sweep_k128,dense_gemm,forward,ok,1,4096,768,50257,128,fp16,,4.831805419921875,519.570944,849.34656,0.16666779764757597,,
sweep_k128,dense_gemm,fwd_bwd,ok,1,4096,768,50257,128,fp16,,12.95824951171875,932.325888,1264.582656,0.1864386931132304,,
sweep_k128,fused,forward,ok,1,4096,768,50257,128,fp16,50257,3.3311642456054686,103.671296,436.207616,0.24174922298183718,,
sweep_k128,fused,backward_only,ok,1,4096,768,50257,128,fp16,50257,2.9244314575195314,264.352256,436.207616,0.4130579121264744,,
sweep_k128,fused,fwd_bwd,ok,1,4096,768,50257,128,fp16,50257,6.447605590820313,342.596608,438.304768,0.37470019993773046,,
sweep_k128,fused,forward,ok,1,4096,768,50257,128,fp16,4096,2.92105224609375,103.671296,436.207616,0.2756905047066228,,
sweep_k128,fused,backward_only,ok,1,4096,768,50257,128,fp16,4096,2.561116027832031,264.352256,436.207616,0.47165358338822716,,
sweep_k128,fused,fwd_bwd,ok,1,4096,768,50257,128,fp16,4096,5.677138061523437,342.596608,438.304768,0.42555229022415175,,
sweep_k128,fused,forward,ok,1,4096,768,50257,128,fp16,512,2.8080538940429687,103.671296,436.207616,0.28678451282875456,,
sweep_k128,fused,backward_only,ok,1,4096,768,50257,128,fp16,512,2.556968994140625,264.352256,436.207616,0.47241853724784205,,
sweep_k128,fused,fwd_bwd,ok,1,4096,768,50257,128,fp16,512,5.5653271484375,342.596608,438.304768,0.4341019026488468,,
sweep_k128,fused,forward,ok,1,4096,768,50257,128,fp16,64,2.295889892578125,103.671296,436.207616,0.35076001275291857,,
sweep_k128,fused,backward_only,ok,1,4096,768,50257,128,fp16,64,2.553702392578125,264.352256,436.207616,0.47302283755175084,,
sweep_k128,fused,fwd_bwd,ok,1,4096,768,50257,128,fp16,64,5.042892761230469,342.596608,438.304768,0.479074058955502,,
sweep_k128,fused,correctness_forward,ok,2,4096,768,50257,128,fp16,,,,,,0.0625,0.004584508948028088
sweep_k128,fused,correctness_grad_H,ok,2,4096,768,50257,128,fp16,,,,,,0.0078125,2.3507709556724876e-08
sweep_k128,fused,correctness_grad_W,ok,2,4096,768,50257,128,fp16,,,,,,0.03125,0.0010725053725764155
sweep_k128,fused,forward,ok,2,4096,768,50257,128,fp16,,3.3327410888671873,103.671296,436.207616,0.2416348424694842,,
sweep_k128,fused,fwd_bwd,ok,2,4096,768,50257,128,fp16,,6.4563916015625,342.596608,438.304768,0.37419029902326983,,
sweep_k128,naive_subset,forward,ok,2,4096,768,50257,128,fp16,,3.4947378540039065,1717.42976,2046.820352,0.23043398436233603,,
sweep_k128,naive_subset,fwd_bwd,ok,2,4096,768,50257,128,fp16,,9.385369873046875,2531.12576,2854.223872,0.25741330780559785,,
sweep_k128,dense_gemm,forward,ok,2,4096,768,50257,128,fp16,,4.834334716796875,519.570944,849.34656,0.16658059798837813,,
sweep_k128,dense_gemm,fwd_bwd,ok,2,4096,768,50257,128,fp16,,12.949339599609376,932.325888,1264.582656,0.186566973969304,,
sweep_k128,fused,forward,ok,2,4096,768,50257,128,fp16,50257,3.3314508056640624,103.671296,436.207616,0.2417284285365508,,
sweep_k128,fused,backward_only,ok,2,4096,768,50257,128,fp16,50257,2.926766052246094,264.352256,436.207616,0.41272842804534143,,
sweep_k128,fused,fwd_bwd,ok,2,4096,768,50257,128,fp16,50257,6.466764526367188,342.596608,438.304768,0.3735900842143672,,
sweep_k128,fused,forward,ok,2,4096,768,50257,128,fp16,4096,2.918686828613281,103.671296,436.207616,0.27591393502899897,,
sweep_k128,fused,backward_only,ok,2,4096,768,50257,128,fp16,4096,2.5609317016601563,264.352256,436.207616,0.47168753122815615,,
sweep_k128,fused,fwd_bwd,ok,2,4096,768,50257,128,fp16,4096,5.675909423828125,342.596608,438.304768,0.4256444075477476,,
sweep_k128,fused,forward,ok,2,4096,768,50257,128,fp16,512,2.8050942993164063,103.671296,436.207616,0.2870870930065527,,
sweep_k128,fused,backward_only,ok,2,4096,768,50257,128,fp16,512,2.5573274230957033,264.352256,436.207616,0.4723523241844947,,
sweep_k128,fused,fwd_bwd,ok,2,4096,768,50257,128,fp16,512,5.561497802734375,342.596608,438.304768,0.4344008016711227,,
sweep_k128,fused,forward,ok,2,4096,768,50257,128,fp16,64,2.2944869995117188,103.671296,436.207616,0.3509744741074472,,
sweep_k128,fused,backward_only,ok,2,4096,768,50257,128,fp16,64,2.553333740234375,264.352256,436.207616,0.47309113296294714,,
sweep_k128,fused,fwd_bwd,ok,2,4096,768,50257,128,fp16,64,5.039913024902344,342.596608,438.304768,0.479357300823026,,
sweep_k256,fused,correctness_forward,ok,0,4096,768,50257,256,fp16,,,,,,0.0625,0.00457984721288085
sweep_k256,fused,correctness_grad_H,ok,0,4096,768,50257,256,fp16,,,,,,0.03125,9.161492187104159e-08
sweep_k256,fused,correctness_grad_W,ok,0,4096,768,50257,256,fp16,,,,,,0.0625,0.002199964364990592
sweep_k256,fused,forward,ok,0,4096,768,50257,256,fp16,,6.752030639648438,106.817024,434.110464,0.23853753366318564,,
sweep_k256,fused,fwd_bwd,ok,0,4096,768,50257,256,fp16,,12.59387939453125,346.790912,436.207616,0.383665593152986,,
sweep_k256,naive_subset,forward,ok,0,4096,768,50257,256,fp16,,6.963169555664063,3334.333952,3655.335936,0.23130454071592677,,
sweep_k256,naive_subset,fwd_bwd,ok,0,4096,768,50257,256,fp16,,18.377840576171874,4955.433472,5268.045824,0.26291653733599196,,
sweep_k256,dense_gemm,forward,ok,0,4096,768,50257,256,fp16,,4.867839965820313,526.910976,847.249408,0.3308680538614594,,
sweep_k256,dense_gemm,fwd_bwd,ok,0,4096,768,50257,256,fp16,,13.084344482421875,940.714496,1262.485504,0.36928393428431355,,
sweep_k256,fused,forward,ok,0,4096,768,50257,256,fp16,50257,6.7520819091796875,106.817024,434.110464,0.2385357224133073,,
sweep_k256,fused,backward_only,ok,0,4096,768,50257,256,fp16,50257,5.626736450195312,267.497984,434.110464,0.42936418390737663,,
sweep_k256,fused,fwd_bwd,ok,0,4096,768,50257,256,fp16,50257,12.567705078125,346.790912,436.207616,0.3844646399612101,,
sweep_k256,fused,forward,ok,0,4096,768,50257,256,fp16,4096,5.839329223632813,106.817024,434.110464,0.2758215326311045,,
sweep_k256,fused,backward_only,ok,0,4096,768,50257,256,fp16,4096,4.946513977050781,267.497984,434.110464,0.4884084256526095,,
sweep_k256,fused,fwd_bwd,ok,0,4096,768,50257,256,fp16,4096,10.980628662109375,346.790912,436.207616,0.44003293041619035,,
sweep_k256,fused,forward,ok,0,4096,768,50257,256,fp16,512,5.602447509765625,106.817024,434.110464,0.287483770832755,,
sweep_k256,fused,backward_only,ok,0,4096,768,50257,256,fp16,512,4.947865600585938,267.497984,434.110464,0.4882750056335203,,
sweep_k256,fused,fwd_bwd,ok,0,4096,768,50257,256,fp16,512,10.750792236328126,346.790912,436.207616,0.4494401995485207,,
sweep_k256,fused,forward,ok,0,4096,768,50257,256,fp16,64,4.56268798828125,106.817024,434.110464,0.3529964661481735,,
sweep_k256,fused,backward_only,ok,0,4096,768,50257,256,fp16,64,4.9422235107421875,267.497984,434.110464,0.48883242507119934,,
sweep_k256,fused,fwd_bwd,ok,0,4096,768,50257,256,fp16,64,9.699461059570313,346.790912,436.207616,0.49815532825223285,,
sweep_k256,fused,correctness_forward,ok,1,4096,768,50257,256,fp16,,,,,,0.125,0.004589609801769257
sweep_k256,fused,correctness_grad_H,ok,1,4096,768,50257,256,fp16,,,,,,0.03125,1.288999555981718e-07
sweep_k256,fused,correctness_grad_W,ok,1,4096,768,50257,256,fp16,,,,,,0.0625,0.0021986812353134155
sweep_k256,fused,forward,ok,1,4096,768,50257,256,fp16,,6.7510986328125,106.817024,434.110464,0.2385704643940331,,
sweep_k256,fused,fwd_bwd,ok,1,4096,768,50257,256,fp16,,12.583505859375,346.790912,436.207616,0.3839818777054226,,
sweep_k256,naive_subset,forward,ok,1,4096,768,50257,256,fp16,,6.962780151367188,3334.333952,3655.335936,0.23131747678170558,,
sweep_k256,naive_subset,fwd_bwd,ok,1,4096,768,50257,256,fp16,,18.379263916015624,4955.433472,5268.045824,0.26289617636915014,,
sweep_k256,dense_gemm,forward,ok,1,4096,768,50257,256,fp16,,4.870594482421875,526.910976,847.249408,0.33068093470165716,,
sweep_k256,dense_gemm,fwd_bwd,ok,1,4096,768,50257,256,fp16,,13.08396484375,940.714496,1262.485504,0.3692946492674269,,
sweep_k256,fused,forward,ok,1,4096,768,50257,256,fp16,50257,6.74492431640625,106.817024,434.110464,0.2387888522458837,,
sweep_k256,fused,backward_only,ok,1,4096,768,50257,256,fp16,50257,5.624678344726562,267.497984,434.110464,0.42952129098458647,,
sweep_k256,fused,fwd_bwd,ok,1,4096,768,50257,256,fp16,50257,12.566015625,346.790912,436.207616,0.3845163297733843,,
sweep_k256,fused,forward,ok,1,4096,768,50257,256,fp16,4096,5.837567749023438,106.817024,434.110464,0.2759047612371502,,
sweep_k256,fused,backward_only,ok,1,4096,768,50257,256,fp16,4096,4.946595764160156,267.497984,434.110464,0.4884003502983188,,
sweep_k256,fused,fwd_bwd,ok,1,4096,768,50257,256,fp16,4096,10.979256591796876,346.790912,436.207616,0.4400879210355732,,
sweep_k256,fused,forward,ok,1,4096,768,50257,256,fp16,512,5.60184326171875,106.817024,434.110464,0.2875147805377607,,
sweep_k256,fused,backward_only,ok,1,4096,768,50257,256,fp16,512,4.948121643066406,267.497984,434.110464,0.4882497396532936,,
sweep_k256,fused,fwd_bwd,ok,1,4096,768,50257,256,fp16,512,10.748804931640626,346.790912,436.207616,0.4495232947968756,,
sweep_k256,fused,forward,ok,1,4096,768,50257,256,fp16,64,4.561049499511719,106.817024,434.110464,0.3531232748454985,,
sweep_k256,fused,backward_only,ok,1,4096,768,50257,256,fp16,64,4.945213317871094,267.497984,434.110464,0.48853688379211296,,
sweep_k256,fused,fwd_bwd,ok,1,4096,768,50257,256,fp16,64,9.698569946289062,346.790912,436.207616,0.49820109920935235,,
sweep_k256,fused,correctness_forward,ok,2,4096,768,50257,256,fp16,,,,,,0.0625,0.004575477913022041
sweep_k256,fused,correctness_grad_H,ok,2,4096,768,50257,256,fp16,,,,,,0.03125,1.1948972655773105e-07
sweep_k256,fused,correctness_grad_W,ok,2,4096,768,50257,256,fp16,,,,,,0.0625,0.00219886377453804
sweep_k256,fused,forward,ok,2,4096,768,50257,256,fp16,,6.744566040039063,106.817024,434.110464,0.23880153688741576,,
sweep_k256,fused,fwd_bwd,ok,2,4096,768,50257,256,fp16,,12.5593798828125,346.790912,436.207616,0.3847194887872104,,
sweep_k256,naive_subset,forward,ok,2,4096,768,50257,256,fp16,,6.96352783203125,3334.333952,3655.335936,0.23129264000229993,,
sweep_k256,naive_subset,fwd_bwd,ok,2,4096,768,50257,256,fp16,,18.382222900390627,4955.433472,5268.045824,0.2628538580008907,,
sweep_k256,dense_gemm,forward,ok,2,4096,768,50257,256,fp16,,4.870267028808594,526.910976,847.249408,0.33070316811643113,,
sweep_k256,dense_gemm,fwd_bwd,ok,2,4096,768,50257,256,fp16,,13.0872314453125,940.714496,1262.485504,0.3692024725161131,,
sweep_k256,fused,forward,ok,2,4096,768,50257,256,fp16,50257,6.743992309570313,106.817024,434.110464,0.2388218524084614,,
sweep_k256,fused,backward_only,ok,2,4096,768,50257,256,fp16,50257,5.622067260742187,267.497984,434.110464,0.4297207756424221,,
sweep_k256,fused,fwd_bwd,ok,2,4096,768,50257,256,fp16,50257,12.568258056640625,346.790912,436.207616,0.38444772427687596,,
sweep_k256,fused,forward,ok,2,4096,768,50257,256,fp16,4096,5.838817138671875,106.817024,434.110464,0.27584572315726913,,
sweep_k256,fused,backward_only,ok,2,4096,768,50257,256,fp16,4096,4.946124877929687,267.497984,434.110464,0.48844684750685824,,
sweep_k256,fused,fwd_bwd,ok,2,4096,768,50257,256,fp16,4096,10.9806689453125,346.790912,436.207616,0.44003131613057567,,
sweep_k256,fused,forward,ok,2,4096,768,50257,256,fp16,512,5.598300170898438,106.817024,434.110464,0.2876967448748863,,
sweep_k256,fused,backward_only,ok,2,4096,768,50257,256,fp16,512,4.947783813476563,267.497984,434.110464,0.4882830768433379,,
sweep_k256,fused,fwd_bwd,ok,2,4096,768,50257,256,fp16,512,10.746009521484375,346.790912,436.207616,0.4496402314123918,,
sweep_k256,fused,forward,ok,2,4096,768,50257,256,fp16,64,4.5567694091796875,106.817024,434.110464,0.35345495709205604,,
sweep_k256,fused,backward_only,ok,2,4096,768,50257,256,fp16,64,4.942141418457031,267.497984,434.110464,0.4888405449057882,,
sweep_k256,fused,fwd_bwd,ok,2,4096,768,50257,256,fp16,64,9.69470947265625,346.790912,436.207616,0.49839948495910175,,
sweep_k512,fused,correctness_forward,ok,0,4096,768,50257,512,fp16,,,,,,0.0625,0.004581321496516466
sweep_k512,fused,correctness_grad_H,ok,0,4096,768,50257,512,fp16,,,,,,0.03125,3.4991398933925666e-07
sweep_k512,fused,correctness_grad_W,ok,0,4096,768,50257,512,fp16,,,,,,0.09375,0.004414715338498354
sweep_k512,fused,forward,ok,0,4096,768,50257,512,fp16,,13.564989013671875,113.10848,434.110464,0.237466132022178,,
sweep_k512,fused,fwd_bwd,ok,0,4096,768,50257,512,fp16,,24.76138427734375,355.17952,436.207616,0.3902720586119291,,
sweep_k512,naive_subset,forward,ok,0,4096,768,50257,512,fp16,,14.17238525390625,6568.142336,6876.561408,0.22728887299420208,,
sweep_k512,naive_subset,fwd_bwd,ok,0,4096,768,50257,512,fp16,,36.724130859375,9816.631808,10099.884032,0.2631424131725377,,
sweep_k512,dense_gemm,forward,ok,0,4096,768,50257,512,fp16,,4.967802734375,541.59104,847.249408,0.6484205682545612,,
sweep_k512,dense_gemm,fwd_bwd,ok,0,4096,768,50257,512,fp16,,13.352540283203124,957.491712,1262.485504,0.7237331781845627,,
sweep_k512,fused,forward,ok,0,4096,768,50257,512,fp16,50257,13.556336669921874,113.10848,434.110464,0.2376176949888752,,
sweep_k512,fused,backward_only,ok,0,4096,768,50257,512,fp16,50257,10.9890966796875,273.78944,434.110464,0.43969384826063834,,
sweep_k512,fused,fwd_bwd,ok,0,4096,768,50257,512,fp16,50257,24.73394287109375,355.17952,436.207616,0.3907050512069314,,
sweep_k512,fused,forward,ok,0,4096,768,50257,512,fp16,4096,11.668214111328124,113.10848,434.110464,0.2760684232621908,,
sweep_k512,fused,backward_only,ok,0,4096,768,50257,512,fp16,4096,9.767423706054688,273.78944,434.110464,0.49468911694747225,,
sweep_k512,fused,fwd_bwd,ok,0,4096,768,50257,512,fp16,4096,21.630986328125,355.17952,436.207616,0.4467515382521005,,
sweep_k512,fused,forward,ok,0,4096,768,50257,512,fp16,512,11.190517578125,113.10848,434.110464,0.2878531264985265,,
sweep_k512,fused,backward_only,ok,0,4096,768,50257,512,fp16,512,9.726033935546875,273.78944,434.110464,0.4967942986853578,,
sweep_k512,fused,fwd_bwd,ok,0,4096,768,50257,512,fp16,512,21.110537109375,355.17952,436.207616,0.45776553983121765,,
sweep_k512,fused,forward,ok,0,4096,768,50257,512,fp16,64,9.085736694335937,113.10848,434.110464,0.3545365203030941,,
sweep_k512,fused,backward_only,ok,0,4096,768,50257,512,fp16,64,9.715558471679687,273.78944,434.110464,0.497329949902987,,
sweep_k512,fused,fwd_bwd,ok,0,4096,768,50257,512,fp16,64,18.9945654296875,355.17952,436.207616,0.5087600688613905,,
sweep_k512,fused,correctness_forward,ok,1,4096,768,50257,512,fp16,,,,,,0.125,0.004578017629683018
sweep_k512,fused,correctness_grad_H,ok,1,4096,768,50257,512,fp16,,,,,,0.03125,3.3127420806522423e-07
sweep_k512,fused,correctness_grad_W,ok,1,4096,768,50257,512,fp16,,,,,,0.109375,0.004411015659570694
sweep_k512,fused,forward,ok,1,4096,768,50257,512,fp16,,13.569730224609375,113.10848,434.110464,0.23738316227968548,,
sweep_k512,fused,fwd_bwd,ok,1,4096,768,50257,512,fp16,,24.77045654296875,355.17952,436.207616,0.3901291201168069,,
sweep_k512,naive_subset,forward,ok,1,4096,768,50257,512,fp16,,14.17359375,6568.142336,6876.561408,0.22726949345503852,,
sweep_k512,naive_subset,fwd_bwd,ok,1,4096,768,50257,512,fp16,,36.71953369140625,9816.631808,10099.884032,0.2631753577595584,,
sweep_k512,dense_gemm,forward,ok,1,4096,768,50257,512,fp16,,4.959057922363281,541.59104,847.249408,0.6495639942969041,,
sweep_k512,dense_gemm,fwd_bwd,ok,1,4096,768,50257,512,fp16,,13.357373046875,957.491712,1262.485504,0.7234713279390552,,
sweep_k512,fused,forward,ok,1,4096,768,50257,512,fp16,50257,13.566239013671876,113.10848,434.110464,0.2374442517748428,,
sweep_k512,fused,backward_only,ok,1,4096,768,50257,512,fp16,50257,10.99283447265625,273.78944,434.110464,0.43954434318271507,,
sweep_k512,fused,fwd_bwd,ok,1,4096,768,50257,512,fp16,50257,24.750439453125,355.17952,436.207616,0.39044463975284527,,
sweep_k512,fused,forward,ok,1,4096,768,50257,512,fp16,4096,11.66928955078125,113.10848,434.110464,0.27604298085005025,,
sweep_k512,fused,backward_only,ok,1,4096,768,50257,512,fp16,4096,9.7607373046875,273.78944,434.110464,0.49502799401020203,,
sweep_k512,fused,fwd_bwd,ok,1,4096,768,50257,512,fp16,4096,21.63063720703125,355.17952,436.207616,0.446758748875818,,
sweep_k512,fused,forward,ok,1,4096,768,50257,512,fp16,512,11.1857763671875,113.10848,434.110464,0.28797513612458625,,
sweep_k512,fused,backward_only,ok,1,4096,768,50257,512,fp16,512,9.721702270507812,273.78944,434.110464,0.4970156535916635,,
sweep_k512,fused,fwd_bwd,ok,1,4096,768,50257,512,fp16,512,21.10498779296875,355.17952,436.207616,0.4578859040714304,,
sweep_k512,fused,forward,ok,1,4096,768,50257,512,fp16,64,9.078374633789062,113.10848,434.110464,0.35482402984459666,,
sweep_k512,fused,backward_only,ok,1,4096,768,50257,512,fp16,64,9.712506713867187,273.78944,434.110464,0.4974862154896908,,
sweep_k512,fused,fwd_bwd,ok,1,4096,768,50257,512,fp16,64,18.986014404296874,355.17952,436.207616,0.508989207014029,,
sweep_k512,fused,correctness_forward,ok,2,4096,768,50257,512,fp16,,,,,,0.0625,0.004573684185743332
sweep_k512,fused,correctness_grad_H,ok,2,4096,768,50257,512,fp16,,,,,,0.03125,3.548248912466079e-07
sweep_k512,fused,correctness_grad_W,ok,2,4096,768,50257,512,fp16,,,,,,0.09375,0.004411390051245689
sweep_k512,fused,forward,ok,2,4096,768,50257,512,fp16,,13.560401611328125,113.10848,434.110464,0.23754646538706078,,
sweep_k512,fused,fwd_bwd,ok,2,4096,768,50257,512,fp16,,24.762060546875,355.17952,436.207616,0.3902614000037071,,
sweep_k512,naive_subset,forward,ok,2,4096,768,50257,512,fp16,,14.16994873046875,6568.142336,6876.561408,0.22732795532799646,,
sweep_k512,naive_subset,fwd_bwd,ok,2,4096,768,50257,512,fp16,,36.71836669921875,9816.631808,10099.884032,0.26318372206369445,,
sweep_k512,dense_gemm,forward,ok,2,4096,768,50257,512,fp16,,4.96353271484375,541.59104,847.249408,0.6489783904046259,,
sweep_k512,dense_gemm,fwd_bwd,ok,2,4096,768,50257,512,fp16,,13.354833984375,957.491712,1262.485504,0.7236088765540918,,
sweep_k512,fused,forward,ok,2,4096,768,50257,512,fp16,50257,13.5651123046875,113.10848,434.110464,0.23746397373259398,,
sweep_k512,fused,backward_only,ok,2,4096,768,50257,512,fp16,50257,10.991964111328125,273.78944,434.110464,0.43957914700798484,,
sweep_k512,fused,fwd_bwd,ok,2,4096,768,50257,512,fp16,50257,24.761845703125,355.17952,436.207616,0.390264786068852,,
sweep_k512,fused,forward,ok,2,4096,768,50257,512,fp16,4096,11.669954833984375,113.10848,434.110464,0.27602724413460333,,
sweep_k512,fused,backward_only,ok,2,4096,768,50257,512,fp16,4096,9.760122680664063,273.78944,434.110464,0.4950591673988312,,
sweep_k512,fused,fwd_bwd,ok,2,4096,768,50257,512,fp16,4096,21.630791015625,355.17952,436.207616,0.44675557213878325,,
sweep_k512,fused,forward,ok,2,4096,768,50257,512,fp16,512,11.184803466796875,113.10848,434.110464,0.28800018539105365,,
sweep_k512,fused,backward_only,ok,2,4096,768,50257,512,fp16,512,9.7187841796875,273.78944,434.110464,0.4971648838646568,,
sweep_k512,fused,fwd_bwd,ok,2,4096,768,50257,512,fp16,512,21.10328857421875,355.17952,436.207616,0.45792277265287556,,
sweep_k512,fused,forward,ok,2,4096,768,50257,512,fp16,64,9.0775244140625,113.10848,434.110464,0.35485726339769685,,
sweep_k512,fused,backward_only,ok,2,4096,768,50257,512,fp16,64,9.711851806640626,273.78944,434.110464,0.4975197628835479,,
sweep_k512,fused,fwd_bwd,ok,2,4096,768,50257,512,fp16,64,18.984735107421876,355.17952,436.207616,0.5090235055332476,,
sweep_N1024,fused,correctness_forward,ok,0,1024,768,50257,128,fp16,,,,,,0.0625,0.004580157808959484
sweep_N1024,fused,correctness_grad_H,ok,0,1024,768,50257,128,fp16,,,,,,0.00390625,1.5064264502484548e-08
sweep_N1024,fused,correctness_grad_W,ok,0,1024,768,50257,128,fp16,,,,,,0.015625,0.00015407957835122943
sweep_N1024,fused,forward,ok,0,1024,768,50257,128,fp16,,0.7930777740478515,96.593408,436.207616,0.2538547902716193,,
sweep_N1024,fused,fwd_bwd,ok,0,1024,768,50257,128,fp16,,1.8249830627441406,330.013696,436.207616,0.3309508939177902,,
sweep_N1024,naive_subset,forward,ok,0,1024,768,50257,128,fp16,,0.8899276733398438,500.033024,637.534208,0.22622803856007048,,
sweep_N1024,naive_subset,fwd_bwd,ok,0,1024,768,50257,128,fp16,,2.5189273071289064,703.457792,843.055104,0.23977658040811864,,
sweep_N1024,dense_gemm,forward,ok,0,1024,768,50257,128,fp16,,1.2494131469726562,200.56832,436.207616,0.1611369245535929,,
sweep_N1024,dense_gemm,fwd_bwd,ok,0,1024,768,50257,128,fp16,,3.316828308105469,303.757824,438.304768,0.18209558044473687,,
sweep_N1024,fused,forward,ok,0,1024,768,50257,128,fp16,50257,0.7930572509765625,96.593408,436.207616,0.2538613596333537,,
sweep_N1024,fused,backward_only,ok,0,1024,768,50257,128,fp16,50257,0.8396288299560547,252.555776,436.207616,0.3596706987965215,,
sweep_N1024,fused,fwd_bwd,ok,0,1024,768,50257,128,fp16,50257,1.825228729248047,330.013696,436.207616,0.3309063496106738,,
sweep_N1024,fused,forward,ok,0,1024,768,50257,128,fp16,4096,0.7678463745117188,96.593408,436.207616,0.26219644799133884,,
sweep_N1024,fused,backward_only,ok,0,1024,768,50257,128,fp16,4096,0.7275007629394531,252.555776,436.207616,0.4151059399303109,,
sweep_N1024,fused,fwd_bwd,ok,0,1024,768,50257,128,fp16,4096,1.6856678771972655,330.013696,436.207616,0.35830295170851095,,
sweep_N1024,fused,forward,ok,0,1024,768,50257,128,fp16,512,0.7464141082763672,96.593408,436.207616,0.2697250624923301,,
sweep_N1024,fused,backward_only,ok,0,1024,768,50257,128,fp16,512,0.7268761444091797,252.555776,436.207616,0.41546264837933805,,
sweep_N1024,fused,fwd_bwd,ok,0,1024,768,50257,128,fp16,512,1.6646246337890624,330.013696,436.207616,0.36283241503233393,,
sweep_N1024,fused,forward,ok,0,1024,768,50257,128,fp16,64,0.6166630554199218,96.593408,436.207616,0.32647746647138604,,
sweep_N1024,fused,backward_only,ok,0,1024,768,50257,128,fp16,64,0.7241011047363282,252.555776,436.207616,0.4170548643341258,,
sweep_N1024,fused,fwd_bwd,ok,0,1024,768,50257,128,fp16,64,1.5350169372558593,330.013696,436.207616,0.3934678252343789,,
sweep_N1024,fused,correctness_forward,ok,1,1024,768,50257,128,fp16,,,,,,0.0625,0.004552409052848816
sweep_N1024,fused,correctness_grad_H,ok,1,1024,768,50257,128,fp16,,,,,,0.0078125,3.710799134637455e-08
sweep_N1024,fused,correctness_grad_W,ok,1,1024,768,50257,128,fp16,,,,,,0.015625,0.00015402655117213726
sweep_N1024,fused,forward,ok,1,1024,768,50257,128,fp16,,0.7919513702392578,96.593408,436.207616,0.2542158515859084,,
sweep_N1024,fused,fwd_bwd,ok,1,1024,768,50257,128,fp16,,1.8242662048339844,330.013696,436.207616,0.33108094334015503,,
sweep_N1024,naive_subset,forward,ok,1,1024,768,50257,128,fp16,,0.8898457336425781,500.033024,637.534208,0.2262488703248268,,
sweep_N1024,naive_subset,fwd_bwd,ok,1,1024,768,50257,128,fp16,,2.51931640625,703.457792,843.055104,0.2397395478002,,
sweep_N1024,dense_gemm,forward,ok,1,1024,768,50257,128,fp16,,1.2494233703613282,200.56832,436.207616,0.1611356060530364,,
sweep_N1024,dense_gemm,fwd_bwd,ok,1,1024,768,50257,128,fp16,,3.3172174072265626,303.757824,438.304768,0.18207422120848313,,
sweep_N1024,fused,forward,ok,1,1024,768,50257,128,fp16,50257,0.7906816101074219,96.593408,436.207616,0.2546240982797713,,
sweep_N1024,fused,backward_only,ok,1,1024,768,50257,128,fp16,50257,0.8401715087890625,252.555776,436.207616,0.359438382331314,,
sweep_N1024,fused,fwd_bwd,ok,1,1024,768,50257,128,fp16,50257,1.8239488220214843,330.013696,436.207616,0.33113855427731165,,
sweep_N1024,fused,forward,ok,1,1024,768,50257,128,fp16,4096,0.7687168121337891,96.593408,436.207616,0.26189955627633743,,
sweep_N1024,fused,backward_only,ok,1,1024,768,50257,128,fp16,4096,0.7271424102783203,252.555776,436.207616,0.41531051377461353,,
sweep_N1024,fused,fwd_bwd,ok,1,1024,768,50257,128,fp16,4096,1.6863436889648438,330.013696,436.207616,0.3581593597748457,,
sweep_N1024,fused,forward,ok,1,1024,768,50257,128,fp16,512,0.7452057647705078,96.593408,436.207616,0.2701624189152645,,
sweep_N1024,fused,backward_only,ok,1,1024,768,50257,128,fp16,512,0.7252582550048828,252.555776,436.207616,0.4163894528825002,,
sweep_N1024,fused,fwd_bwd,ok,1,1024,768,50257,128,fp16,512,1.6654234313964844,330.013696,436.207616,0.36265838741896,,
sweep_N1024,fused,forward,ok,1,1024,768,50257,128,fp16,64,0.6157926559448242,96.593408,436.207616,0.3269389299407934,,
sweep_N1024,fused,backward_only,ok,1,1024,768,50257,128,fp16,64,0.7255859375,252.555776,436.207616,0.41620140688021534,,
sweep_N1024,fused,fwd_bwd,ok,1,1024,768,50257,128,fp16,64,1.53818115234375,330.013696,436.207616,0.39265841677991364,,
sweep_N1024,fused,correctness_forward,ok,2,1024,768,50257,128,fp16,,,,,,0.0625,0.004616481252014637
sweep_N1024,fused,correctness_grad_H,ok,2,1024,768,50257,128,fp16,,,,,,0.03125,5.5813266897075664e-08
sweep_N1024,fused,correctness_grad_W,ok,2,1024,768,50257,128,fp16,,,,,,0.015625,0.00015401406562887132
sweep_N1024,fused,forward,ok,2,1024,768,50257,128,fp16,,0.7922688293457031,96.593408,436.207616,0.25411398826111337,,
sweep_N1024,fused,fwd_bwd,ok,2,1024,768,50257,128,fp16,,1.8238873291015625,330.013696,436.207616,0.3311497187150904,,
sweep_N1024,naive_subset,forward,ok,2,1024,768,50257,128,fp16,,0.8901631927490234,500.033024,637.534208,0.22616818313758666,,
sweep_N1024,naive_subset,fwd_bwd,ok,2,1024,768,50257,128,fp16,,2.5194598388671876,703.457792,843.055104,0.23972589944976638,,
sweep_N1024,dense_gemm,forward,ok,2,1024,768,50257,128,fp16,,1.2494950103759765,200.56832,436.207616,0.1611263673149205,,
sweep_N1024,dense_gemm,fwd_bwd,ok,2,1024,768,50257,128,fp16,,3.320770568847656,303.757824,438.304768,0.18187940523984694,,
sweep_N1024,fused,forward,ok,2,1024,768,50257,128,fp16,50257,0.790835189819336,96.593408,436.207616,0.2545746504350578,,
sweep_N1024,fused,backward_only,ok,2,1024,768,50257,128,fp16,50257,0.839393310546875,252.555776,436.207616,0.3597716162441775,,
sweep_N1024,fused,fwd_bwd,ok,2,1024,768,50257,128,fp16,50257,1.8237132263183593,330.013696,436.207616,0.331181332286157,,
sweep_N1024,fused,forward,ok,2,1024,768,50257,128,fp16,4096,0.7687474822998047,96.593408,436.207616,0.2618891074578953,,
sweep_N1024,fused,backward_only,ok,2,1024,768,50257,128,fp16,4096,0.7269990539550781,252.555776,436.207616,0.41539240850052084,,
sweep_N1024,fused,fwd_bwd,ok,2,1024,768,50257,128,fp16,4096,1.6902450561523437,330.013696,436.207616,0.3573326683024846,,
sweep_N1024,fused,forward,ok,2,1024,768,50257,128,fp16,512,0.7469158172607422,96.593408,436.207616,0.26954388613478586,,
sweep_N1024,fused,backward_only,ok,2,1024,768,50257,128,fp16,512,0.7268351745605469,252.555776,436.207616,0.41548606695126805,,
sweep_N1024,fused,fwd_bwd,ok,2,1024,768,50257,128,fp16,512,1.669171142578125,330.013696,436.207616,0.36184412765914503,,
sweep_N1024,fused,forward,ok,2,1024,768,50257,128,fp16,64,0.6181273651123047,96.593408,436.207616,0.3257040593299439,,
sweep_N1024,fused,backward_only,ok,2,1024,768,50257,128,fp16,64,0.7255039978027343,252.555776,436.207616,0.4162484133989728,,
sweep_N1024,fused,fwd_bwd,ok,2,1024,768,50257,128,fp16,64,1.5355290222167968,330.013696,436.207616,0.3933366072938515,,
sweep_N2048,fused,correctness_forward,ok,0,2048,768,50257,128,fp16,,,,,,0.0625,0.004579239059239626
sweep_N2048,fused,correctness_grad_H,ok,0,2048,768,50257,128,fp16,,,,,,0.015625,4.0302893467014655e-08
sweep_N2048,fused,correctness_grad_W,ok,0,2048,768,50257,128,fp16,,,,,,0.0234375,0.0004711845831479877
sweep_N2048,fused,forward,ok,0,2048,768,50257,128,fp16,,1.6964505004882813,98.952704,436.207616,0.2373503876971985,,
sweep_N2048,fused,fwd_bwd,ok,0,2048,768,50257,128,fp16,,3.4250341796875,334.208,438.304768,0.3526854006783121,,
sweep_N2048,naive_subset,forward,ok,0,2048,768,50257,128,fp16,,1.7571430969238282,906.74944,1241.513984,0.229152187266314,,
sweep_N2048,naive_subset,fwd_bwd,ok,0,2048,768,50257,128,fp16,,4.8310067749023435,1313.597952,1646.26432,0.2500430258710242,,
sweep_N2048,dense_gemm,forward,ok,0,2048,768,50257,128,fp16,,2.439075775146484,307.820032,436.207616,0.1650843274747451,,
sweep_N2048,dense_gemm,fwd_bwd,ok,0,2048,768,50257,128,fp16,,6.449827880859375,514.198016,645.922816,0.18728554843839515,,
sweep_N2048,fused,forward,ok,0,2048,768,50257,128,fp16,50257,1.6945561218261718,98.952704,436.207616,0.23761572651018065,,
sweep_N2048,fused,backward_only,ok,0,2048,768,50257,128,fp16,50257,1.5355699157714844,256.487936,436.207616,0.3933261323998752,,
sweep_N2048,fused,fwd_bwd,ok,0,2048,768,50257,128,fp16,50257,3.425638427734375,334.208,438.304768,0.35262319053295765,,
sweep_N2048,fused,forward,ok,0,2048,768,50257,128,fp16,4096,1.5338905334472657,98.952704,436.207616,0.26250451073263825,,
sweep_N2048,fused,backward_only,ok,0,2048,768,50257,128,fp16,4096,1.336494140625,256.487936,436.207616,0.45191352333019136,,
sweep_N2048,fused,fwd_bwd,ok,0,2048,768,50257,128,fp16,4096,3.0645452880859376,334.208,438.304768,0.394172524288088,,
sweep_N2048,fused,forward,ok,0,2048,768,50257,128,fp16,512,1.4792703247070313,98.952704,436.207616,0.2721971618539331,,
sweep_N2048,fused,backward_only,ok,0,2048,768,50257,128,fp16,512,1.3329306030273438,256.487936,436.207616,0.45312169637957506,,
sweep_N2048,fused,fwd_bwd,ok,0,2048,768,50257,128,fp16,512,3.0098431396484373,334.208,438.304768,0.4013363806530778,,
sweep_N2048,fused,forward,ok,0,2048,768,50257,128,fp16,64,1.2087091064453126,98.952704,436.207616,0.33312662397668286,,
sweep_N2048,fused,backward_only,ok,0,2048,768,50257,128,fp16,64,1.330370635986328,256.487936,436.207616,0.4539936162618422,,
sweep_N2048,fused,fwd_bwd,ok,0,2048,768,50257,128,fp16,64,2.7325848388671874,334.208,438.304768,0.4420574742340912,,
sweep_N2048,fused,correctness_forward,ok,1,2048,768,50257,128,fp16,,,,,,0.125,0.0045936498790979385
sweep_N2048,fused,correctness_grad_H,ok,1,2048,768,50257,128,fp16,,,,,,0.0078125,2.0952787949113372e-08
sweep_N2048,fused,correctness_grad_W,ok,1,2048,768,50257,128,fp16,,,,,,0.0234375,0.0004703359736595303
sweep_N2048,fused,forward,ok,1,2048,768,50257,128,fp16,,1.6973721313476562,98.952704,436.207616,0.23722151233878627,,
sweep_N2048,fused,fwd_bwd,ok,1,2048,768,50257,128,fp16,,3.425382385253906,334.208,438.304768,0.35264954861687947,,
sweep_N2048,naive_subset,forward,ok,1,2048,768,50257,128,fp16,,1.7573170471191406,906.74944,1241.513984,0.22912950435443044,,
sweep_N2048,naive_subset,fwd_bwd,ok,1,2048,768,50257,128,fp16,,4.829644775390625,1313.597952,1646.26432,0.25011354005891656,,
sweep_N2048,dense_gemm,forward,ok,1,2048,768,50257,128,fp16,,2.434969635009766,307.820032,436.207616,0.16536271262306113,,
sweep_N2048,dense_gemm,fwd_bwd,ok,1,2048,768,50257,128,fp16,,6.449838256835937,514.198016,645.922816,0.18728524714859784,,
sweep_N2048,fused,forward,ok,1,2048,768,50257,128,fp16,50257,1.6955084228515624,98.952704,436.207616,0.23748226701392877,,
sweep_N2048,fused,backward_only,ok,1,2048,768,50257,128,fp16,50257,1.5360205078125,256.487936,436.207616,0.3932107500700941,,
sweep_N2048,fused,fwd_bwd,ok,1,2048,768,50257,128,fp16,50257,3.4254541015625,334.208,438.304768,0.35264216544282306,,
sweep_N2048,fused,forward,ok,1,2048,768,50257,128,fp16,4096,1.53417724609375,98.952704,436.207616,0.2624554529310199,,
sweep_N2048,fused,backward_only,ok,1,2048,768,50257,128,fp16,4096,1.3363711547851562,256.487936,436.207616,0.45195511279731243,,
sweep_N2048,fused,fwd_bwd,ok,1,2048,768,50257,128,fp16,4096,3.0649652099609375,334.208,438.304768,0.3941185198690707,,
sweep_N2048,fused,forward,ok,1,2048,768,50257,128,fp16,512,1.4791679382324219,98.952704,436.207616,0.27221600305991156,,
sweep_N2048,fused,backward_only,ok,1,2048,768,50257,128,fp16,512,1.3329408264160156,256.487936,436.207616,0.4531182210270869,,
sweep_N2048,fused,fwd_bwd,ok,1,2048,768,50257,128,fp16,512,3.0095565795898436,334.208,438.304768,0.4013745945805167,,
sweep_N2048,fused,forward,ok,1,2048,768,50257,128,fp16,64,1.2113407897949218,98.952704,436.207616,0.3324028938777573,,
sweep_N2048,fused,backward_only,ok,1,2048,768,50257,128,fp16,64,1.3303602600097657,256.487936,436.207616,0.4539971571276238,,
sweep_N2048,fused,fwd_bwd,ok,1,2048,768,50257,128,fp16,64,2.7358001708984374,334.208,438.304768,0.4415379327954738,,
sweep_N2048,fused,correctness_forward,ok,2,2048,768,50257,128,fp16,,,,,,0.0625,0.004588974639773369
sweep_N2048,fused,correctness_grad_H,ok,2,2048,768,50257,128,fp16,,,,,,0.0078125,1.9385879568289965e-08
sweep_N2048,fused,correctness_grad_W,ok,2,2048,768,50257,128,fp16,,,,,,0.0234375,0.000471068691695109
sweep_N2048,fused,forward,ok,2,2048,768,50257,128,fp16,,1.6975462341308594,98.952704,436.207616,0.23719718255930608,,
sweep_N2048,fused,fwd_bwd,ok,2,2048,768,50257,128,fp16,,3.4274612426757813,334.208,438.304768,0.35243565615258693,,
sweep_N2048,naive_subset,forward,ok,2,2048,768,50257,128,fp16,,1.7570816040039063,906.74944,1241.513984,0.22916020694910472,,
sweep_N2048,naive_subset,fwd_bwd,ok,2,2048,768,50257,128,fp16,,4.833126525878907,1313.597952,1646.26432,0.24993336001695754,,
sweep_N2048,dense_gemm,forward,ok,2,2048,768,50257,128,fp16,,2.4337510681152343,307.820032,436.207616,0.16544550889989992,,
sweep_N2048,dense_gemm,fwd_bwd,ok,2,2048,768,50257,128,fp16,,6.449684448242188,514.198016,645.922816,0.18728971342609174,,
sweep_N2048,fused,forward,ok,2,2048,768,50257,128,fp16,50257,1.6959385681152344,98.952704,436.207616,0.2374220337753654,,
sweep_N2048,fused,backward_only,ok,2,2048,768,50257,128,fp16,50257,1.5362765502929687,256.487936,436.207616,0.39314521586938284,,
sweep_N2048,fused,fwd_bwd,ok,2,2048,768,50257,128,fp16,50257,3.426375732421875,334.208,438.304768,0.3525473113090765,,
sweep_N2048,fused,forward,ok,2,2048,768,50257,128,fp16,4096,1.5323648071289062,98.952704,436.207616,0.2627658780251065,,
sweep_N2048,fused,backward_only,ok,2,2048,768,50257,128,fp16,4096,1.3364530944824218,256.487936,436.207616,0.45192740283482064,,
sweep_N2048,fused,fwd_bwd,ok,2,2048,768,50257,128,fp16,4096,3.063101501464844,334.208,438.304768,0.3943583167003531,,
sweep_N2048,fused,forward,ok,2,2048,768,50257,128,fp16,512,1.4771302795410157,98.952704,436.207616,0.27259151719854746,,
sweep_N2048,fused,backward_only,ok,2,2048,768,50257,128,fp16,512,1.332920379638672,256.487936,436.207616,0.45312517178537465,,
sweep_N2048,fused,fwd_bwd,ok,2,2048,768,50257,128,fp16,512,3.007989807128906,334.208,438.304768,0.4015836586736923,,
sweep_N2048,fused,forward,ok,2,2048,768,50257,128,fp16,64,1.2119757080078124,98.952704,436.207616,0.3322287578369553,,
sweep_N2048,fused,backward_only,ok,2,2048,768,50257,128,fp16,64,1.330380859375,256.487936,436.207616,0.45399012752163603,,
sweep_N2048,fused,fwd_bwd,ok,2,2048,768,50257,128,fp16,64,2.735810546875,334.208,438.304768,0.4415362581958758,,
sweep_N4096,fused,correctness_forward,ok,0,4096,768,50257,128,fp16,,,,,,0.0625,0.004575998522341251
sweep_N4096,fused,correctness_grad_H,ok,0,4096,768,50257,128,fp16,,,,,,0.015625,3.1677625855763836e-08
sweep_N4096,fused,correctness_grad_W,ok,0,4096,768,50257,128,fp16,,,,,,0.03125,0.0010727252811193466
sweep_N4096,fused,forward,ok,0,4096,768,50257,128,fp16,,3.3342669677734373,103.671296,436.207616,0.24152426178932182,,
sweep_N4096,fused,fwd_bwd,ok,0,4096,768,50257,128,fp16,,6.451885986328125,342.596608,438.304768,0.37445161137680605,,
sweep_N4096,naive_subset,forward,ok,0,4096,768,50257,128,fp16,,3.4919219970703126,1717.42976,2046.820352,0.23061980441591876,,
sweep_N4096,naive_subset,fwd_bwd,ok,0,4096,768,50257,128,fp16,,9.373009643554688,2531.12576,2854.223872,0.25775275987913837,,
sweep_N4096,dense_gemm,forward,ok,0,4096,768,50257,128,fp16,,4.8295526123046875,519.570944,849.34656,0.16674554200905653,,
sweep_N4096,dense_gemm,fwd_bwd,ok,0,4096,768,50257,128,fp16,,12.9544189453125,932.325888,1264.582656,0.18649382223925912,,
sweep_N4096,fused,forward,ok,0,4096,768,50257,128,fp16,50257,3.333631896972656,103.671296,436.207616,0.24157027317002705,,
sweep_N4096,fused,backward_only,ok,0,4096,768,50257,128,fp16,50257,2.923980712890625,264.352256,436.207616,0.41312158684036615,,
sweep_N4096,fused,fwd_bwd,ok,0,4096,768,50257,128,fp16,50257,6.452357177734375,342.596608,438.304768,0.37442426658226396,,
sweep_N4096,fused,forward,ok,0,4096,768,50257,128,fp16,4096,2.9216357421875,103.671296,436.207616,0.2756354450254115,,
sweep_N4096,fused,backward_only,ok,0,4096,768,50257,128,fp16,4096,2.5597747802734374,264.352256,436.207616,0.47190071615244394,,
sweep_N4096,fused,fwd_bwd,ok,0,4096,768,50257,128,fp16,4096,5.6760931396484375,342.596608,438.304768,0.4256306308866587,,
sweep_N4096,fused,forward,ok,0,4096,768,50257,128,fp16,512,2.806077575683594,103.671296,436.207616,0.28698649494884965,,
sweep_N4096,fused,backward_only,ok,0,4096,768,50257,128,fp16,512,2.555750427246094,264.352256,436.207616,0.4726437836505095,,
sweep_N4096,fused,fwd_bwd,ok,0,4096,768,50257,128,fp16,512,5.561917724609375,342.596608,438.304768,0.4343680046381259,,
sweep_N4096,fused,forward,ok,0,4096,768,50257,128,fp16,64,2.292244415283203,103.671296,436.207616,0.35131784491685875,,
sweep_N4096,fused,backward_only,ok,0,4096,768,50257,128,fp16,64,2.5525248718261717,264.352256,436.207616,0.473241050589952,,
sweep_N4096,fused,fwd_bwd,ok,0,4096,768,50257,128,fp16,64,5.037701110839844,342.596608,438.304768,0.47956777324513356,,
sweep_N4096,fused,correctness_forward,ok,1,4096,768,50257,128,fp16,,,,,,0.0625,0.004578839987516403
sweep_N4096,fused,correctness_grad_H,ok,1,4096,768,50257,128,fp16,,,,,,0.015625,2.9663169698324054e-08
sweep_N4096,fused,correctness_grad_W,ok,1,4096,768,50257,128,fp16,,,,,,0.046875,0.0010721482103690505
sweep_N4096,fused,forward,ok,1,4096,768,50257,128,fp16,,3.333867492675781,103.671296,436.207616,0.24155320203013123,,
sweep_N4096,fused,fwd_bwd,ok,1,4096,768,50257,128,fp16,,6.4526953125,342.596608,438.304768,0.3744046459655304,,
sweep_N4096,naive_subset,forward,ok,1,4096,768,50257,128,fp16,,3.492515869140625,1717.42976,2046.820352,0.23058058951587676,,
sweep_N4096,naive_subset,fwd_bwd,ok,1,4096,768,50257,128,fp16,,9.373450317382812,2531.12576,2854.223872,0.2577406421539082,,
sweep_N4096,dense_gemm,forward,ok,1,4096,768,50257,128,fp16,,4.825620422363281,519.570944,849.34656,0.16688141575909785,,
sweep_N4096,dense_gemm,fwd_bwd,ok,1,4096,768,50257,128,fp16,,12.950701904296874,932.325888,1264.582656,0.1865473486960911,,
sweep_N4096,fused,forward,ok,1,4096,768,50257,128,fp16,50257,3.333201904296875,103.671296,436.207616,0.2416014364331992,,
sweep_N4096,fused,backward_only,ok,1,4096,768,50257,128,fp16,50257,2.9250662231445315,264.352256,436.207616,0.4129682748520504,,
sweep_N4096,fused,fwd_bwd,ok,1,4096,768,50257,128,fp16,50257,6.451947631835938,342.596608,438.304768,0.3744480336571697,,
sweep_N4096,fused,forward,ok,1,4096,768,50257,128,fp16,4096,2.9203662109375,103.671296,436.207616,0.27575526828927377,,
sweep_N4096,fused,backward_only,ok,1,4096,768,50257,128,fp16,4096,2.5598771667480467,264.352256,436.207616,0.47188184171138875,,
sweep_N4096,fused,fwd_bwd,ok,1,4096,768,50257,128,fp16,4096,5.676267700195313,342.596608,438.304768,0.4256175415963682,,
sweep_N4096,fused,forward,ok,1,4096,768,50257,128,fp16,512,2.8079205322265626,103.671296,436.207616,0.28679813362147616,,
sweep_N4096,fused,backward_only,ok,1,4096,768,50257,128,fp16,512,2.5556684875488282,264.352256,436.207616,0.47265893752854005,,
sweep_N4096,fused,fwd_bwd,ok,1,4096,768,50257,128,fp16,512,5.5633306884765625,342.596608,438.304768,0.43425768470030757,,
sweep_N4096,fused,forward,ok,1,4096,768,50257,128,fp16,64,2.2959718322753906,103.671296,436.207616,0.35074749466848315,,
sweep_N4096,fused,backward_only,ok,1,4096,768,50257,128,fp16,64,2.5525144958496093,264.352256,436.207616,0.47324297431577494,,
sweep_N4096,fused,fwd_bwd,ok,1,4096,768,50257,128,fp16,64,5.041295471191407,342.596608,438.304768,0.4792258493488078,,
sweep_N4096,fused,correctness_forward,ok,2,4096,768,50257,128,fp16,,,,,,0.0625,0.004584508948028088
sweep_N4096,fused,correctness_grad_H,ok,2,4096,768,50257,128,fp16,,,,,,0.0078125,2.3507709556724876e-08
sweep_N4096,fused,correctness_grad_W,ok,2,4096,768,50257,128,fp16,,,,,,0.03125,0.0010725053725764155
sweep_N4096,fused,forward,ok,2,4096,768,50257,128,fp16,,3.3341131591796875,103.671296,436.207616,0.24153540373480736,,
sweep_N4096,fused,fwd_bwd,ok,2,4096,768,50257,128,fp16,,6.452889404296875,342.596608,438.304768,0.3743933845187674,,
sweep_N4096,naive_subset,forward,ok,2,4096,768,50257,128,fp16,,3.4926181030273438,1717.42976,2046.820352,0.23057384009490578,,
sweep_N4096,naive_subset,fwd_bwd,ok,2,4096,768,50257,128,fp16,,9.375252685546876,2531.12576,2854.223872,0.25769109217978103,,
sweep_N4096,dense_gemm,forward,ok,2,4096,768,50257,128,fp16,,4.829501342773438,519.570944,849.34656,0.16674731216402078,,
sweep_N4096,dense_gemm,fwd_bwd,ok,2,4096,768,50257,128,fp16,,12.952493896484375,932.325888,1264.582656,0.18652153965930374,,
sweep_N4096,fused,forward,ok,2,4096,768,50257,128,fp16,50257,3.3335501098632814,103.671296,436.207616,0.24157619998489477,,
sweep_N4096,fused,backward_only,ok,2,4096,768,50257,128,fp16,50257,2.924031982421875,264.352256,436.207616,0.4131143432294091,,
sweep_N4096,fused,fwd_bwd,ok,2,4096,768,50257,128,fp16,50257,6.452920532226562,342.596608,438.304768,0.37439157850071864,,
sweep_N4096,fused,forward,ok,2,4096,768,50257,128,fp16,4096,2.918922119140625,103.671296,436.207616,0.27589169396444685,,
sweep_N4096,fused,backward_only,ok,2,4096,768,50257,128,fp16,4096,2.559754180908203,264.352256,436.207616,0.4719045137261637,,
sweep_N4096,fused,fwd_bwd,ok,2,4096,768,50257,128,fp16,4096,5.67394287109375,342.596608,438.304768,0.4257919332089239,,
sweep_N4096,fused,forward,ok,2,4096,768,50257,128,fp16,512,2.8055755615234377,103.671296,436.207616,0.28703784672358484,,
sweep_N4096,fused,backward_only,ok,2,4096,768,50257,128,fp16,512,2.5557402038574217,264.352256,436.207616,0.4726456743047694,,
sweep_N4096,fused,fwd_bwd,ok,2,4096,768,50257,128,fp16,512,5.560924072265625,342.596608,438.304768,0.4344456195777025,,
sweep_N4096,fused,forward,ok,2,4096,768,50257,128,fp16,64,2.2931455993652343,103.671296,436.207616,0.3511797803955043,,
sweep_N4096,fused,backward_only,ok,2,4096,768,50257,128,fp16,64,2.552412109375,264.352256,436.207616,0.4732619578018648,,
sweep_N4096,fused,fwd_bwd,ok,2,4096,768,50257,128,fp16,64,5.039124450683594,342.596608,438.304768,0.4794323156024184,,
sweep_N8192,fused,correctness_forward,ok,0,8192,768,50257,128,fp16,,,,,,0.0625,0.004574796184897423
sweep_N8192,fused,correctness_grad_H,ok,0,8192,768,50257,128,fp16,,,,,,0.015625,2.9253897082526237e-08
sweep_N8192,fused,correctness_grad_W,ok,0,8192,768,50257,128,fp16,,,,,,0.0625,0.002194357803091407
sweep_N8192,fused,forward,ok,0,8192,768,50257,128,fp16,,6.7521435546875,113.10848,434.110464,0.23853354463737284,,
sweep_N8192,fused,fwd_bwd,ok,0,8192,768,50257,128,fp16,,12.6914453125,359.373824,436.207616,0.3807161508422565,,
sweep_N8192,naive_subset,forward,ok,0,8192,768,50257,128,fp16,,6.9649200439453125,3340.625408,3655.335936,0.23124640711419575,,
sweep_N8192,naive_subset,fwd_bwd,ok,0,8192,768,50257,128,fp16,,18.401925048828126,4968.016384,5268.045824,0.26257243169826416,,
sweep_N8192,dense_gemm,forward,ok,0,8192,768,50257,128,fp16,,9.751419067382812,945.677824,1258.2912,0.16516701055206248,,
sweep_N8192,dense_gemm,fwd_bwd,ok,0,8192,768,50257,128,fp16,,25.86642333984375,1771.956736,2084.569088,0.18679962608348724,,
sweep_N8192,fused,forward,ok,0,8192,768,50257,128,fp16,50257,6.752041015625,113.10848,434.110464,0.2385371670984902,,
sweep_N8192,fused,backward_only,ok,0,8192,768,50257,128,fp16,50257,5.734584350585937,280.080896,434.110464,0.42128931345358117,,
sweep_N8192,fused,fwd_bwd,ok,0,8192,768,50257,128,fp16,50257,12.689151611328125,359.373824,436.207616,0.38078496939751433,,
sweep_N8192,fused,forward,ok,0,8192,768,50257,128,fp16,4096,5.840066528320312,113.10848,434.110464,0.2757867103379104,,
sweep_N8192,fused,backward_only,ok,0,8192,768,50257,128,fp16,4096,5.009520568847656,280.080896,434.110464,0.4822655323592644,,
sweep_N8192,fused,fwd_bwd,ok,0,8192,768,50257,128,fp16,4096,11.037921142578124,359.373824,436.207616,0.4377489334800076,,
sweep_N8192,fused,forward,ok,0,8192,768,50257,128,fp16,512,5.59837158203125,113.10848,434.110464,0.2876930751023181,,
sweep_N8192,fused,backward_only,ok,0,8192,768,50257,128,fp16,512,5.0111691284179685,280.080896,434.110464,0.4821068780735222,,
sweep_N8192,fused,fwd_bwd,ok,0,8192,768,50257,128,fp16,512,10.810889892578125,359.373824,436.207616,0.44694176483261994,,
sweep_N8192,fused,forward,ok,0,8192,768,50257,128,fp16,64,4.5583154296875,113.10848,434.110464,0.35333507758378563,,
sweep_N8192,fused,backward_only,ok,0,8192,768,50257,128,fp16,64,5.014681701660156,280.080896,434.110464,0.4817691825186408,,
sweep_N8192,fused,fwd_bwd,ok,0,8192,768,50257,128,fp16,64,9.752596435546875,359.373824,436.207616,0.4954412130075036,,
sweep_N8192,fused,correctness_forward,ok,1,8192,768,50257,128,fp16,,,,,,0.0625,0.004587823990732431
sweep_N8192,fused,correctness_grad_H,ok,1,8192,768,50257,128,fp16,,,,,,0.015625,2.3539618254631023e-08
sweep_N8192,fused,correctness_grad_W,ok,1,8192,768,50257,128,fp16,,,,,,0.0546875,0.0021959792356938124
sweep_N8192,fused,forward,ok,1,8192,768,50257,128,fp16,,6.751119384765625,113.10848,434.110464,0.2385697310633346,,
sweep_N8192,fused,fwd_bwd,ok,1,8192,768,50257,128,fp16,,12.68970458984375,359.373824,436.207616,0.380768375953147,,
sweep_N8192,naive_subset,forward,ok,1,8192,768,50257,128,fp16,,6.965350341796875,3340.625408,3655.335936,0.2312321214247071,,
sweep_N8192,naive_subset,fwd_bwd,ok,1,8192,768,50257,128,fp16,,18.4003173828125,4968.016384,5268.045824,0.26259537308380115,,
sweep_N8192,dense_gemm,forward,ok,1,8192,768,50257,128,fp16,,9.73787109375,945.677824,1258.2912,0.16539680187733538,,
sweep_N8192,dense_gemm,fwd_bwd,ok,1,8192,768,50257,128,fp16,,25.8751904296875,1771.956736,2084.569088,0.18673633421674318,,
sweep_N8192,fused,forward,ok,1,8192,768,50257,128,fp16,50257,6.749081420898437,113.10848,434.110464,0.23864176997669045,,
sweep_N8192,fused,backward_only,ok,1,8192,768,50257,128,fp16,50257,5.7379736328125,280.080896,434.110464,0.4210404680468745,,
sweep_N8192,fused,fwd_bwd,ok,1,8192,768,50257,128,fp16,50257,12.68886474609375,359.373824,436.207616,0.38079357804546504,,
sweep_N8192,fused,forward,ok,1,8192,768,50257,128,fp16,4096,5.840701293945313,113.10848,434.110464,0.275756737922828,,
sweep_N8192,fused,backward_only,ok,1,8192,768,50257,128,fp16,4096,5.009745788574219,280.080896,434.110464,0.4822438514764586,,
sweep_N8192,fused,fwd_bwd,ok,1,8192,768,50257,128,fp16,4096,11.040205078125,359.373824,436.207616,0.43765837444213573,,
sweep_N8192,fused,forward,ok,1,8192,768,50257,128,fp16,512,5.599201049804687,113.10848,434.110464,0.2876504561407349,,
sweep_N8192,fused,backward_only,ok,1,8192,768,50257,128,fp16,512,5.011394653320313,280.080896,434.110464,0.4820851820958317,,
sweep_N8192,fused,fwd_bwd,ok,1,8192,768,50257,128,fp16,512,10.810828857421875,359.373824,436.207616,0.44694428815074944,,
sweep_N8192,fused,forward,ok,1,8192,768,50257,128,fp16,64,4.553246765136719,113.10848,434.110464,0.35372840943568723,,
sweep_N8192,fused,backward_only,ok,1,8192,768,50257,128,fp16,64,5.008783264160156,280.080896,434.110464,0.48233652298091345,,
sweep_N8192,fused,fwd_bwd,ok,1,8192,768,50257,128,fp16,64,9.749586181640625,359.373824,436.207616,0.4955941839971423,,
sweep_N8192,fused,correctness_forward,ok,2,8192,768,50257,128,fp16,,,,,,0.0625,0.004572547972202301
sweep_N8192,fused,correctness_grad_H,ok,2,8192,768,50257,128,fp16,,,,,,0.0078125,2.5318021457110262e-08
sweep_N8192,fused,correctness_grad_W,ok,2,8192,768,50257,128,fp16,,,,,,0.0625,0.002195012057200074
sweep_N8192,fused,forward,ok,2,8192,768,50257,128,fp16,,6.75009521484375,113.10848,434.110464,0.23860592847019302,,
sweep_N8192,fused,fwd_bwd,ok,2,8192,768,50257,128,fp16,,12.68632568359375,359.373824,436.207616,0.3808697907108474,,
sweep_N8192,naive_subset,forward,ok,2,8192,768,50257,128,fp16,,6.963916625976562,3340.625408,3655.335936,0.23127972698468957,,
sweep_N8192,naive_subset,fwd_bwd,ok,2,8192,768,50257,128,fp16,,18.3998876953125,4968.016384,5268.045824,0.26260150540108695,,
sweep_N8192,dense_gemm,forward,ok,2,8192,768,50257,128,fp16,,9.744865112304687,945.677824,1258.2912,0.1652780944054633,,
sweep_N8192,dense_gemm,fwd_bwd,ok,2,8192,768,50257,128,fp16,,25.86205078125,1771.956736,2084.569088,0.18683120874169362,,
sweep_N8192,fused,forward,ok,2,8192,768,50257,128,fp16,50257,6.749942016601563,113.10848,434.110464,0.23861134392542613,,
sweep_N8192,fused,backward_only,ok,2,8192,768,50257,128,fp16,50257,5.73744140625,280.080896,434.110464,0.4210795253382898,,
sweep_N8192,fused,fwd_bwd,ok,2,8192,768,50257,128,fp16,50257,12.686622314453125,359.373824,436.207616,0.380860885445874,,
sweep_N8192,fused,forward,ok,2,8192,768,50257,128,fp16,4096,5.831997680664062,113.10848,434.110464,0.2761682744387866,,
sweep_N8192,fused,backward_only,ok,2,8192,768,50257,128,fp16,4096,5.007861633300781,280.080896,434.110464,0.4824252906539711,,
sweep_N8192,fused,fwd_bwd,ok,2,8192,768,50257,128,fp16,4096,11.040123291015625,359.373824,436.207616,0.4376616166897444,,
sweep_N8192,fused,forward,ok,2,8192,768,50257,128,fp16,512,5.593907470703125,113.10848,434.110464,0.287922663082154,,
sweep_N8192,fused,backward_only,ok,2,8192,768,50257,128,fp16,512,5.0113330078125,280.080896,434.110464,0.482091112331522,,
sweep_N8192,fused,fwd_bwd,ok,2,8192,768,50257,128,fp16,512,10.805728759765625,359.373824,436.207616,0.4471552373210599,,
sweep_N8192,fused,forward,ok,2,8192,768,50257,128,fp16,64,4.5521612548828125,113.10848,434.110464,0.3538127596583707,,
sweep_N8192,fused,backward_only,ok,2,8192,768,50257,128,fp16,64,5.008793640136719,280.080896,434.110464,0.4823355237957169,,
sweep_N8192,fused,fwd_bwd,ok,2,8192,768,50257,128,fp16,64,9.747548217773437,359.373824,436.207616,0.49569780010831305,,
sweep_d768,fused,correctness_forward,ok,0,4096,768,50257,128,fp16,,,,,,0.0625,0.004575998522341251
sweep_d768,fused,correctness_grad_H,ok,0,4096,768,50257,128,fp16,,,,,,0.015625,3.1677625855763836e-08
sweep_d768,fused,correctness_grad_W,ok,0,4096,768,50257,128,fp16,,,,,,0.03125,0.0010727252811193466
sweep_d768,fused,forward,ok,0,4096,768,50257,128,fp16,,3.3318194580078124,103.671296,436.207616,0.24170168226387484,,
sweep_d768,fused,fwd_bwd,ok,0,4096,768,50257,128,fp16,,6.450042724609375,342.596608,438.304768,0.37455862033011755,,
sweep_d768,naive_subset,forward,ok,0,4096,768,50257,128,fp16,,3.491758117675781,1717.42976,2046.820352,0.23063062814214522,,
sweep_d768,naive_subset,fwd_bwd,ok,0,4096,768,50257,128,fp16,,9.372344360351562,2531.12576,2854.223872,0.25777105611059487,,
sweep_d768,dense_gemm,forward,ok,0,4096,768,50257,128,fp16,,4.825436096191407,519.570944,849.34656,0.16688779043941906,,
sweep_d768,dense_gemm,fwd_bwd,ok,0,4096,768,50257,128,fp16,,12.94920654296875,932.325888,1264.582656,0.1865688909960134,,
sweep_d768,fused,forward,ok,0,4096,768,50257,128,fp16,50257,3.3319732666015627,103.671296,436.207616,0.24169052497271987,,
sweep_d768,fused,backward_only,ok,0,4096,768,50257,128,fp16,50257,2.923816833496094,264.352256,436.207616,0.41314474222915226,,
sweep_d768,fused,fwd_bwd,ok,0,4096,768,50257,128,fp16,50257,6.451087646484375,342.596608,438.304768,0.37449795079386256,,
sweep_d768,fused,forward,ok,0,4096,768,50257,128,fp16,4096,2.9206427001953124,103.671296,436.207616,0.27572916329208863,,
sweep_d768,fused,backward_only,ok,0,4096,768,50257,128,fp16,4096,2.559641571044922,264.352256,436.207616,0.47192527487623,,
sweep_d768,fused,fwd_bwd,ok,0,4096,768,50257,128,fp16,4096,5.67636962890625,342.596608,438.304768,0.4256098989215244,,
sweep_d768,fused,forward,ok,0,4096,768,50257,128,fp16,512,2.806190185546875,103.671296,436.207616,0.2869749784414774,,
sweep_d768,fused,backward_only,ok,0,4096,768,50257,128,fp16,512,2.5557606506347654,264.352256,436.207616,0.4726418930113754,,
sweep_d768,fused,fwd_bwd,ok,0,4096,768,50257,128,fp16,512,5.561620483398437,342.596608,438.304768,0.4343912194677024,,
sweep_d768,fused,forward,ok,0,4096,768,50257,128,fp16,64,2.2926541137695313,103.671296,436.207616,0.3512550642346712,,
sweep_d768,fused,backward_only,ok,0,4096,768,50257,128,fp16,64,2.5524223327636717,264.352256,436.207616,0.47326006221394584,,
sweep_d768,fused,fwd_bwd,ok,0,4096,768,50257,128,fp16,64,5.037496337890625,342.596608,438.304768,0.4795872675535541,,
sweep_d768,fused,correctness_forward,ok,1,4096,768,50257,128,fp16,,,,,,0.0625,0.004578839987516403
sweep_d768,fused,correctness_grad_H,ok,1,4096,768,50257,128,fp16,,,,,,0.015625,2.9663169698324054e-08
sweep_d768,fused,correctness_grad_W,ok,1,4096,768,50257,128,fp16,,,,,,0.046875,0.0010721482103690505
sweep_d768,fused,forward,ok,1,4096,768,50257,128,fp16,,3.3334170532226564,103.671296,436.207616,0.24158584273799522,,
sweep_d768,fused,fwd_bwd,ok,1,4096,768,50257,128,fp16,,6.449653930664063,342.596608,438.304768,0.37458119923517424,,
sweep_d768,naive_subset,forward,ok,1,4096,768,50257,128,fp16,,3.4926797485351564,1717.42976,2046.820352,0.23056977048575628,,
sweep_d768,naive_subset,fwd_bwd,ok,1,4096,768,50257,128,fp16,,9.372548828125,2531.12576,2854.223872,0.25776543268041957,,
sweep_d768,dense_gemm,forward,ok,1,4096,768,50257,128,fp16,,4.822845458984375,519.570944,849.34656,0.1669774357998165,,
sweep_d768,dense_gemm,fwd_bwd,ok,1,4096,768,50257,128,fp16,,12.950435791015625,932.325888,1264.582656,0.1865511819823118,,
sweep_d768,fused,forward,ok,1,4096,768,50257,128,fp16,50257,3.3326898193359376,103.671296,436.207616,0.24163855973865073,,
sweep_d768,fused,backward_only,ok,1,4096,768,50257,128,fp16,50257,2.9248001098632814,264.352256,436.207616,0.4130058488190037,,
sweep_d768,fused,fwd_bwd,ok,1,4096,768,50257,128,fp16,50257,6.451783447265625,342.596608,438.304768,0.374457562586653,,
sweep_d768,fused,forward,ok,1,4096,768,50257,128,fp16,4096,2.9215948486328127,103.671296,436.207616,0.27563930309394213,,
sweep_d768,fused,backward_only,ok,1,4096,768,50257,128,fp16,4096,2.559805450439453,264.352256,436.207616,0.47189506210037335,,
sweep_d768,fused,fwd_bwd,ok,1,4096,768,50257,128,fp16,4096,5.67552001953125,342.596608,438.304768,0.42567361152565086,,
sweep_d768,fused,forward,ok,1,4096,768,50257,128,fp16,512,2.8077157592773436,103.671296,436.207616,0.2868190504466419,,
sweep_d768,fused,backward_only,ok,1,4096,768,50257,128,fp16,512,2.5557196044921877,264.352256,436.207616,0.47264948387795347,,
sweep_d768,fused,fwd_bwd,ok,1,4096,768,50257,128,fp16,512,5.563350830078125,342.596608,438.304768,0.43425611251017826,,
sweep_d768,fused,forward,ok,1,4096,768,50257,128,fp16,64,2.295961608886719,103.671296,436.207616,0.3507490564663589,,
sweep_d768,fused,backward_only,ok,1,4096,768,50257,128,fp16,64,2.552412109375,264.352256,436.207616,0.4732619578018648,,
sweep_d768,fused,fwd_bwd,ok,1,4096,768,50257,128,fp16,64,5.041059875488282,342.596608,438.304768,0.47924824613712647,,
sweep_d768,fused,correctness_forward,ok,2,4096,768,50257,128,fp16,,,,,,0.0625,0.004584508948028088
sweep_d768,fused,correctness_grad_H,ok,2,4096,768,50257,128,fp16,,,,,,0.0078125,2.3507709556724876e-08
sweep_d768,fused,correctness_grad_W,ok,2,4096,768,50257,128,fp16,,,,,,0.03125,0.0010725053725764155
sweep_d768,fused,forward,ok,2,4096,768,50257,128,fp16,,3.334041748046875,103.671296,436.207616,0.24154057713037305,,
sweep_d768,fused,fwd_bwd,ok,2,4096,768,50257,128,fp16,,6.451681518554688,342.596608,438.304768,0.374463478560116,,
sweep_d768,naive_subset,forward,ok,2,4096,768,50257,128,fp16,,3.492525939941406,1717.42976,2046.820352,0.23057992462999732,,
sweep_d768,naive_subset,fwd_bwd,ok,2,4096,768,50257,128,fp16,,9.374228515625,2531.12576,2854.223872,0.2577192459062777,,
sweep_d768,dense_gemm,forward,ok,2,4096,768,50257,128,fp16,,4.829153137207031,519.570944,849.34656,0.1667593354609901,,
sweep_d768,dense_gemm,fwd_bwd,ok,2,4096,768,50257,128,fp16,,12.95066162109375,932.325888,1264.582656,0.18654792895407013,,
sweep_d768,fused,forward,ok,2,4096,768,50257,128,fp16,50257,3.3331610107421876,103.671296,436.207616,0.24160440056890145,,
sweep_d768,fused,backward_only,ok,2,4096,768,50257,128,fp16,50257,2.92384765625,264.352256,436.207616,0.41314038692059507,,
sweep_d768,fused,fwd_bwd,ok,2,4096,768,50257,128,fp16,50257,6.451640625,342.596608,438.304768,0.37446585208704186,,
sweep_d768,fused,forward,ok,2,4096,768,50257,128,fp16,4096,2.919874572753906,103.671296,436.207616,0.2758016989888946,,
sweep_d768,fused,backward_only,ok,2,4096,768,50257,128,fp16,4096,2.5595187377929687,264.352256,436.207616,0.471947922929294,,
sweep_d768,fused,fwd_bwd,ok,2,4096,768,50257,128,fp16,4096,5.673430786132813,342.596608,438.304768,0.425830365271234,,
sweep_d768,fused,forward,ok,2,4096,768,50257,128,fp16,512,2.8056063842773438,103.671296,436.207616,0.28703469328874776,,
sweep_d768,fused,backward_only,ok,2,4096,768,50257,128,fp16,512,2.555658264160156,264.352256,436.207616,0.47266082830403827,,
sweep_d768,fused,fwd_bwd,ok,2,4096,768,50257,128,fp16,512,5.560770263671875,342.596608,438.304768,0.4344576361629307,,
sweep_d768,fused,forward,ok,2,4096,768,50257,128,fp16,64,2.2933197021484375,103.671296,436.207616,0.3511531197528061,,
sweep_d768,fused,backward_only,ok,2,4096,768,50257,128,fp16,64,2.552340545654297,264.352256,436.207616,0.473275227342493,,
sweep_d768,fused,fwd_bwd,ok,2,4096,768,50257,128,fp16,64,5.039288330078125,342.596608,438.304768,0.47941672429816007,,
sweep_d1024,fused,correctness_forward,ok,0,4096,1024,50257,128,fp16,,,,,,0.0625,0.005286658648401499
sweep_d1024,fused,correctness_grad_H,ok,0,4096,1024,50257,128,fp16,,,,,,0.015625,3.856007424474228e-08
sweep_d1024,fused,correctness_grad_W,ok,0,4096,1024,50257,128,fp16,,,,,,0.03125,0.001072587096132338
sweep_d1024,fused,forward,ok,0,4096,1024,50257,128,fp16,,4.518778991699219,131.500032,436.207616,0.2376176896397041,,
sweep_d1024,fused,fwd_bwd,ok,0,4096,1024,50257,128,fp16,,8.679823608398438,449.717248,543.162368,0.3711164670308739,,
sweep_d1024,naive_subset,forward,ok,0,4096,1024,50257,128,fp16,,4.681174926757812,2282.129408,2583.691264,0.22937442859963253,,
sweep_d1024,naive_subset,fwd_bwd,ok,0,4096,1024,50257,128,fp16,,12.609515380859374,3366.358016,3659.53024,0.2554598947466024,,
sweep_d1024,dense_gemm,forward,ok,0,4096,1024,50257,128,fp16,,6.277969970703125,547.39968,849.34656,0.17103328448698235,,
sweep_d1024,dense_gemm,fwd_bwd,ok,0,4096,1024,50257,128,fp16,,16.464700927734373,960.154624,1264.582656,0.19564433548707386,,
sweep_d1024,fused,forward,ok,0,4096,1024,50257,128,fp16,50257,4.51884033203125,131.500032,436.207616,0.23761446413339984,,
sweep_d1024,fused,backward_only,ok,0,4096,1024,50257,128,fp16,50257,3.9102053833007813,345.741312,436.207616,0.4118997797093739,,
sweep_d1024,fused,fwd_bwd,ok,0,4096,1024,50257,128,fp16,50257,8.680703735351562,449.717248,543.162368,0.37107883994264007,,
sweep_d1024,fused,forward,ok,0,4096,1024,50257,128,fp16,4096,3.864268798828125,131.500032,436.207616,0.27786416522722795,,
sweep_d1024,fused,backward_only,ok,0,4096,1024,50257,128,fp16,4096,3.4083737182617186,345.741312,436.207616,0.472545814847269,,
sweep_d1024,fused,fwd_bwd,ok,0,4096,1024,50257,128,fp16,4096,7.518986206054688,449.717248,543.162368,0.42841220660919654,,
sweep_d1024,fused,forward,ok,0,4096,1024,50257,128,fp16,512,3.705374755859375,131.500032,436.207616,0.28977954856039134,,
sweep_d1024,fused,backward_only,ok,0,4096,1024,50257,128,fp16,512,3.4084658813476563,345.741312,436.207616,0.4725330374623518,,
sweep_d1024,fused,fwd_bwd,ok,0,4096,1024,50257,128,fp16,512,7.36880615234375,449.717248,543.162368,0.437143467395386,,
sweep_d1024,fused,forward,ok,0,4096,1024,50257,128,fp16,64,3.0328216552734375,131.500032,436.207616,0.3540405424542486,,
sweep_d1024,fused,backward_only,ok,0,4096,1024,50257,128,fp16,64,3.404247131347656,345.741312,436.207616,0.4731186291291369,,
sweep_d1024,fused,fwd_bwd,ok,0,4096,1024,50257,128,fp16,64,6.686484375,449.717248,543.162368,0.4817517384836482,,
sweep_d1024,fused,correctness_forward,ok,1,4096,1024,50257,128,fp16,,,,,,0.125,0.005267777480185032
sweep_d1024,fused,correctness_grad_H,ok,1,4096,1024,50257,128,fp16,,,,,,0.0078125,3.0838862130622147e-08
sweep_d1024,fused,correctness_grad_W,ok,1,4096,1024,50257,128,fp16,,,,,,0.03125,0.0010721737053245306
sweep_d1024,fused,forward,ok,1,4096,1024,50257,128,fp16,,4.520765380859375,131.500032,436.207616,0.23751328227431415,,
sweep_d1024,fused,fwd_bwd,ok,1,4096,1024,50257,128,fp16,,8.68021240234375,449.717248,543.162368,0.3710998444151245,,
sweep_d1024,naive_subset,forward,ok,1,4096,1024,50257,128,fp16,,4.679546813964844,2282.129408,2583.691264,0.22945423278931784,,
sweep_d1024,naive_subset,fwd_bwd,ok,1,4096,1024,50257,128,fp16,,12.605623779296875,3366.358016,3659.53024,0.2555387601913402,,
sweep_d1024,dense_gemm,forward,ok,1,4096,1024,50257,128,fp16,,6.278717651367187,547.39968,849.34656,0.17101291754474632,,
sweep_d1024,dense_gemm,fwd_bwd,ok,1,4096,1024,50257,128,fp16,,16.464639892578123,960.154624,1264.582656,0.1956450607493732,,
sweep_d1024,fused,forward,ok,1,4096,1024,50257,128,fp16,50257,4.520447998046875,131.500032,436.207616,0.23752995819527747,,
sweep_d1024,fused,backward_only,ok,1,4096,1024,50257,128,fp16,50257,3.9080960083007814,345.741312,436.207616,0.4121221005264621,,
sweep_d1024,fused,fwd_bwd,ok,1,4096,1024,50257,128,fp16,50257,8.680068969726562,449.717248,543.162368,0.37110597660394795,,
sweep_d1024,fused,forward,ok,1,4096,1024,50257,128,fp16,4096,3.8641152954101563,131.500032,436.207616,0.27787520348458644,,
sweep_d1024,fused,backward_only,ok,1,4096,1024,50257,128,fp16,4096,3.4106573486328124,345.741312,436.207616,0.47222941836875704,,
sweep_d1024,fused,fwd_bwd,ok,1,4096,1024,50257,128,fp16,4096,7.520173950195312,449.717248,543.162368,0.4283445427371183,,
sweep_d1024,fused,forward,ok,1,4096,1024,50257,128,fp16,512,3.7056512451171875,131.500032,436.207616,0.28975792727792005,,
sweep_d1024,fused,backward_only,ok,1,4096,1024,50257,128,fp16,512,3.408650207519531,345.741312,436.207616,0.472507484765367,,
sweep_d1024,fused,fwd_bwd,ok,1,4096,1024,50257,128,fp16,512,7.372994384765625,449.717248,543.162368,0.43689514787313877,,
sweep_d1024,fused,forward,ok,1,4096,1024,50257,128,fp16,64,3.0352487182617187,131.500032,436.207616,0.3537574425251483,,
sweep_d1024,fused,backward_only,ok,1,4096,1024,50257,128,fp16,64,3.410083923339844,345.741312,436.207616,0.47230882647092226,,
sweep_d1024,fused,fwd_bwd,ok,1,4096,1024,50257,128,fp16,64,6.693499145507812,449.717248,543.162368,0.4812468638562315,,
sweep_d1024,fused,correctness_forward,ok,2,4096,1024,50257,128,fp16,,,,,,0.125,0.005276752635836601
sweep_d1024,fused,correctness_grad_H,ok,2,4096,1024,50257,128,fp16,,,,,,0.0078125,3.080936039623339e-08
sweep_d1024,fused,correctness_grad_W,ok,2,4096,1024,50257,128,fp16,,,,,,0.03125,0.0010723883751779795
sweep_d1024,fused,forward,ok,2,4096,1024,50257,128,fp16,,4.523970642089844,131.500032,436.207616,0.23734500264218913,,
sweep_d1024,fused,fwd_bwd,ok,2,4096,1024,50257,128,fp16,,8.683489379882813,449.717248,543.162368,0.3709597986568242,,
sweep_d1024,naive_subset,forward,ok,2,4096,1024,50257,128,fp16,,4.68031494140625,2282.129408,2583.691264,0.22941657504727295,,
sweep_d1024,naive_subset,fwd_bwd,ok,2,4096,1024,50257,128,fp16,,12.60663818359375,3366.358016,3659.53024,0.2555181980388788,,
sweep_d1024,dense_gemm,forward,ok,2,4096,1024,50257,128,fp16,,6.284810180664063,547.39968,849.34656,0.1708471366889472,,
sweep_d1024,dense_gemm,fwd_bwd,ok,2,4096,1024,50257,128,fp16,,16.476712646484376,960.154624,1264.582656,0.19550170844833603,,
sweep_d1024,fused,forward,ok,2,4096,1024,50257,128,fp16,50257,4.523632507324219,131.500032,436.207616,0.23736274382622885,,
sweep_d1024,fused,backward_only,ok,2,4096,1024,50257,128,fp16,50257,3.9111373901367186,345.741312,436.207616,0.41180162580371515,,
sweep_d1024,fused,fwd_bwd,ok,2,4096,1024,50257,128,fp16,50257,8.684943237304687,449.717248,543.162368,0.37089770007520345,,
sweep_d1024,fused,forward,ok,2,4096,1024,50257,128,fp16,4096,3.864340515136719,131.500032,436.207616,0.2778590084890621,,
sweep_d1024,fused,backward_only,ok,2,4096,1024,50257,128,fp16,4096,3.4139035034179686,345.741312,436.207616,0.47178039285160506,,
sweep_d1024,fused,fwd_bwd,ok,2,4096,1024,50257,128,fp16,4096,7.5376129150390625,449.717248,543.162368,0.42735352800791926,,
sweep_d1024,fused,forward,ok,2,4096,1024,50257,128,fp16,512,3.7052313232421876,131.500032,436.207616,0.2897907661701521,,
sweep_d1024,fused,backward_only,ok,2,4096,1024,50257,128,fp16,512,3.416238098144531,345.741312,436.207616,0.47145798674711104,,
sweep_d1024,fused,fwd_bwd,ok,2,4096,1024,50257,128,fp16,512,7.374264526367187,449.717248,543.162368,0.4368198971547993,,
sweep_d1024,fused,forward,ok,2,4096,1024,50257,128,fp16,64,3.0338970947265627,131.500032,436.207616,0.3539150440752749,,
sweep_d1024,fused,backward_only,ok,2,4096,1024,50257,128,fp16,64,3.409715270996094,345.741312,436.207616,0.47235989166024567,,
sweep_d1024,fused,fwd_bwd,ok,2,4096,1024,50257,128,fp16,64,6.692413330078125,449.717248,543.162368,0.48132494410090426,,
sweep_d1536,fused,correctness_forward,ok,0,4096,1536,50257,128,fp16,,,,,,0.125,0.006493573077023029
sweep_d1536,fused,correctness_grad_H,ok,0,4096,1536,50257,128,fp16,,,,,,0.015625,3.1701652858373564e-08
sweep_d1536,fused,correctness_grad_W,ok,0,4096,1536,50257,128,fp16,,,,,,0.03125,0.0010724951280280948
sweep_d1536,fused,forward,ok,0,4096,1536,50257,128,fp16,,6.950103149414063,187.157504,436.207616,0.23173940031894127,,
sweep_d1536,fused,fwd_bwd,ok,0,4096,1536,50257,128,fp16,,13.31114990234375,663.958528,748.683264,0.3629917958589917,,
sweep_d1536,naive_subset,forward,ok,0,4096,1536,50257,128,fp16,,7.042518920898438,3411.528704,3657.433088,0.2286983896089453,,
sweep_d1536,naive_subset,fwd_bwd,ok,0,4096,1536,50257,128,fp16,,18.793123779296874,5036.822528,5270.142976,0.2571067090678619,,
sweep_d1536,dense_gemm,forward,ok,0,4096,1536,50257,128,fp16,,9.552630004882813,603.057152,849.34656,0.16860411584838286,,
sweep_d1536,dense_gemm,fwd_bwd,ok,0,4096,1536,50257,128,fp16,,25.47936279296875,1015.812096,1264.582656,0.18963732520553406,,
sweep_d1536,fused,forward,ok,0,4096,1536,50257,128,fp16,50257,6.950010986328125,187.157504,436.207616,0.23174247338145998,,
sweep_d1536,fused,backward_only,ok,0,4096,1536,50257,128,fp16,50257,5.99794677734375,508.519424,746.586112,0.4027910206082078,,
sweep_d1536,fused,fwd_bwd,ok,0,4096,1536,50257,128,fp16,50257,13.3123681640625,663.958528,748.683264,0.3629585772006986,,
sweep_d1536,fused,forward,ok,0,4096,1536,50257,128,fp16,4096,5.846722412109375,187.157504,436.207616,0.2754727559263284,,
sweep_d1536,fused,backward_only,ok,0,4096,1536,50257,128,fp16,4096,5.119406127929688,508.519424,746.586112,0.4719139375990491,,
sweep_d1536,fused,fwd_bwd,ok,0,4096,1536,50257,128,fp16,4096,11.338209228515625,663.958528,748.683264,0.4261553222926875,,
sweep_d1536,fused,forward,ok,0,4096,1536,50257,128,fp16,512,5.620050048828125,187.157504,436.207616,0.28658334392161505,,
sweep_d1536,fused,backward_only,ok,0,4096,1536,50257,128,fp16,512,5.123839721679688,508.519424,746.586112,0.4715055964334532,,
sweep_d1536,fused,fwd_bwd,ok,0,4096,1536,50257,128,fp16,512,11.11413818359375,663.958528,748.683264,0.43474699775935555,,
sweep_d1536,fused,forward,ok,0,4096,1536,50257,128,fp16,64,4.663910522460937,187.157504,436.207616,0.3453352563784074,,
sweep_d1536,fused,backward_only,ok,0,4096,1536,50257,128,fp16,64,5.117685852050781,508.519424,746.586112,0.47207256831364175,,
sweep_d1536,fused,fwd_bwd,ok,0,4096,1536,50257,128,fp16,64,10.14181884765625,663.958528,748.683264,0.4764271853580412,,
sweep_d1536,fused,correctness_forward,ok,1,4096,1536,50257,128,fp16,,,,,,0.125,0.0064721424132585526
sweep_d1536,fused,correctness_grad_H,ok,1,4096,1536,50257,128,fp16,,,,,,0.015625,3.1342288764335535e-08
sweep_d1536,fused,correctness_grad_W,ok,1,4096,1536,50257,128,fp16,,,,,,0.0390625,0.0010729365749284625
sweep_d1536,fused,forward,ok,1,4096,1536,50257,128,fp16,,6.94940673828125,187.157504,436.207616,0.2317626232938471,,
sweep_d1536,fused,fwd_bwd,ok,1,4096,1536,50257,128,fp16,,13.307125244140625,663.958528,748.683264,0.36310158049557306,,
sweep_d1536,naive_subset,forward,ok,1,4096,1536,50257,128,fp16,,7.043911743164062,3411.528704,3657.433088,0.22865316811543795,,
sweep_d1536,naive_subset,fwd_bwd,ok,1,4096,1536,50257,128,fp16,,18.79226318359375,5036.822528,5270.142976,0.25711848332447523,,
sweep_d1536,dense_gemm,forward,ok,1,4096,1536,50257,128,fp16,,9.552855224609376,603.057152,849.34656,0.16860014080930022,,
sweep_d1536,dense_gemm,fwd_bwd,ok,1,4096,1536,50257,128,fp16,,25.471396484375,1015.812096,1264.582656,0.18969663524196684,,
sweep_d1536,fused,forward,ok,1,4096,1536,50257,128,fp16,50257,6.947359008789062,187.157504,436.207616,0.23183093517442002,,
sweep_d1536,fused,backward_only,ok,1,4096,1536,50257,128,fp16,50257,5.9949365234375,508.519424,746.586112,0.40299327516727573,,
sweep_d1536,fused,fwd_bwd,ok,1,4096,1536,50257,128,fp16,50257,13.30988037109375,663.958528,748.683264,0.36302641896720067,,
sweep_d1536,fused,forward,ok,1,4096,1536,50257,128,fp16,4096,5.847603149414063,187.157504,436.207616,0.2754312655709862,,
sweep_d1536,fused,backward_only,ok,1,4096,1536,50257,128,fp16,4096,5.115105285644531,508.519424,746.586112,0.47231072853578243,,
sweep_d1536,fused,fwd_bwd,ok,1,4096,1536,50257,128,fp16,4096,11.3327001953125,663.958528,748.683264,0.42636248420288875,,
sweep_d1536,fused,forward,ok,1,4096,1536,50257,128,fp16,512,5.617786865234375,187.157504,436.207616,0.28669879698841244,,
sweep_d1536,fused,backward_only,ok,1,4096,1536,50257,128,fp16,512,5.123512573242188,508.519424,746.586112,0.47153570318481575,,
sweep_d1536,fused,fwd_bwd,ok,1,4096,1536,50257,128,fp16,512,11.103734130859374,663.958528,748.683264,0.43515434997415947,,
sweep_d1536,fused,forward,ok,1,4096,1536,50257,128,fp16,64,4.657049560546875,187.157504,436.207616,0.345844018849322,,
sweep_d1536,fused,backward_only,ok,1,4096,1536,50257,128,fp16,64,5.119426574707031,508.519424,746.586112,0.4719120527943612,,
sweep_d1536,fused,fwd_bwd,ok,1,4096,1536,50257,128,fp16,64,10.134927368164062,663.958528,748.683264,0.47675114309924116,,
sweep_d1536,fused,correctness_forward,ok,2,4096,1536,50257,128,fp16,,,,,,0.125,0.006488715298473835
sweep_d1536,fused,correctness_grad_H,ok,2,4096,1536,50257,128,fp16,,,,,,0.03125,3.2109142011904623e-08
sweep_d1536,fused,correctness_grad_W,ok,2,4096,1536,50257,128,fp16,,,,,,0.046875,0.0010726320324465632
sweep_d1536,fused,forward,ok,2,4096,1536,50257,128,fp16,,6.94846435546875,187.157504,436.207616,0.23179405601071784,,
sweep_d1536,fused,fwd_bwd,ok,2,4096,1536,50257,128,fp16,,13.309542236328125,663.958528,748.683264,0.36303564181280373,,
sweep_d1536,naive_subset,forward,ok,2,4096,1536,50257,128,fp16,,7.044403076171875,3411.528704,3657.433088,0.22863722001485068,,
sweep_d1536,naive_subset,fwd_bwd,ok,2,4096,1536,50257,128,fp16,,18.791434326171874,5036.822528,5270.142976,0.257129824372716,,
sweep_d1536,dense_gemm,forward,ok,2,4096,1536,50257,128,fp16,,9.55346923828125,603.057152,849.34656,0.16858930466287478,,
sweep_d1536,dense_gemm,fwd_bwd,ok,2,4096,1536,50257,128,fp16,,25.4733935546875,1015.812096,1264.582656,0.1896817633515055,,
sweep_d1536,fused,forward,ok,2,4096,1536,50257,128,fp16,50257,6.9484033203125,187.157504,436.207616,0.2317960921024319,,
sweep_d1536,fused,backward_only,ok,2,4096,1536,50257,128,fp16,50257,5.99841796875,508.519424,746.586112,0.402759380320983,,
sweep_d1536,fused,fwd_bwd,ok,2,4096,1536,50257,128,fp16,50257,13.31304443359375,663.958528,748.683264,0.36294013980810275,,
sweep_d1536,fused,forward,ok,2,4096,1536,50257,128,fp16,4096,5.8518218994140625,187.157504,436.207616,0.2752326990951774,,
sweep_d1536,fused,backward_only,ok,2,4096,1536,50257,128,fp16,4096,5.119518737792969,508.519424,746.586112,0.4719035572944315,,
sweep_d1536,fused,fwd_bwd,ok,2,4096,1536,50257,128,fp16,4096,11.334615478515625,663.958528,748.683264,0.42629043897947694,,
sweep_d1536,fused,forward,ok,2,4096,1536,50257,128,fp16,512,5.62176025390625,187.157504,436.207616,0.28649616192381633,,
sweep_d1536,fused,backward_only,ok,2,4096,1536,50257,128,fp16,512,5.124177856445312,508.519424,746.586112,0.471474482674562,,
sweep_d1536,fused,fwd_bwd,ok,2,4096,1536,50257,128,fp16,512,11.107164306640625,663.958528,748.683264,0.43501996320619796,,
sweep_d1536,fused,forward,ok,2,4096,1536,50257,128,fp16,64,4.659435424804688,187.157504,436.207616,0.34566692939359983,,
sweep_d1536,fused,backward_only,ok,2,4096,1536,50257,128,fp16,64,5.118904418945313,508.519424,746.586112,0.4719601903599854,,
sweep_d1536,fused,fwd_bwd,ok,2,4096,1536,50257,128,fp16,64,10.138275756835938,663.958528,748.683264,0.47659368554283355,,
sweep_d3072,fused,correctness_forward,ok,0,4096,3072,50257,128,fp16,,,,,,0.125,0.009149754419922829
sweep_d3072,fused,correctness_grad_H,ok,0,4096,3072,50257,128,fp16,,,,,,0.015625,2.2627187235002566e-08
sweep_d3072,fused,correctness_grad_W,ok,0,4096,3072,50257,128,fp16,,,,,,0.03125,0.0010727671906352043
sweep_d3072,fused,forward,ok,0,4096,3072,50257,128,fp16,,14.238658447265625,354.12992,436.207616,0.2262309671890894,,
sweep_d3072,fused,fwd_bwd,ok,0,4096,3072,50257,128,fp16,,27.03310791015625,1306.682368,1367.343104,0.3574755980006793,,
sweep_d3072,naive_subset,forward,ok,0,4096,3072,50257,128,fp16,,14.158408203125,6799.726592,6878.65856,0.22751325048595655,,
sweep_d3072,naive_subset,fwd_bwd,ok,0,4096,3072,50257,128,fp16,,37.23470947265625,10098.547712,10152.312832,0.2595340893715482,,
sweep_d3072,dense_gemm,forward,ok,0,4096,3072,50257,128,fp16,,18.7401318359375,770.029568,849.34656,0.1718891574616745,,
sweep_d3072,dense_gemm,fwd_bwd,ok,0,4096,3072,50257,128,fp16,,48.9872705078125,1182.784512,1264.582656,0.19726913371217192,,
sweep_d3072,fused,forward,ok,0,4096,3072,50257,128,fp16,50257,14.239385986328125,354.12992,436.207616,0.22621940827314066,,
sweep_d3072,fused,backward_only,ok,0,4096,3072,50257,128,fp16,50257,12.087972412109375,996.85376,1054.867456,0.3997228024080868,,
sweep_d3072,fused,fwd_bwd,ok,0,4096,3072,50257,128,fp16,50257,27.03423583984375,1306.682368,1367.343104,0.3574606833072539,,
sweep_d3072,fused,forward,ok,0,4096,3072,50257,128,fp16,4096,11.7581005859375,354.12992,436.207616,0.27395797888075,,
sweep_d3072,fused,backward_only,ok,0,4096,3072,50257,128,fp16,4096,10.23014892578125,996.85376,1054.867456,0.4723135746169995,,
sweep_d3072,fused,fwd_bwd,ok,0,4096,3072,50257,128,fp16,4096,22.6891357421875,1306.682368,1367.343104,0.4259164617730084,,
sweep_d3072,fused,forward,ok,0,4096,3072,50257,128,fp16,512,11.286405029296875,354.12992,436.207616,0.2854075734158441,,
sweep_d3072,fused,backward_only,ok,0,4096,3072,50257,128,fp16,512,10.196787109375,996.85376,1054.867456,0.47385888870402837,,
sweep_d3072,fused,fwd_bwd,ok,0,4096,3072,50257,128,fp16,512,22.18532958984375,1306.682368,1367.343104,0.4355885891559595,,
sweep_d3072,fused,forward,ok,0,4096,3072,50257,128,fp16,64,9.300776977539062,354.12992,436.207616,0.34633939506119843,,
sweep_d3072,fused,backward_only,ok,0,4096,3072,50257,128,fp16,64,10.194544677734376,996.85376,1054.867456,0.47396312054554873,,
sweep_d3072,fused,fwd_bwd,ok,0,4096,3072,50257,128,fp16,64,20.20390869140625,1306.682368,1367.343104,0.47830727032093806,,
sweep_d3072,fused,correctness_forward,ok,1,4096,3072,50257,128,fp16,,,,,,0.125,0.009201111271977425
sweep_d3072,fused,correctness_grad_H,ok,1,4096,3072,50257,128,fp16,,,,,,0.03125,2.775307095248536e-08
sweep_d3072,fused,correctness_grad_W,ok,1,4096,3072,50257,128,fp16,,,,,,0.03515625,0.0010729016503319144
sweep_d3072,fused,forward,ok,1,4096,3072,50257,128,fp16,,14.237664794921875,354.12992,436.207616,0.22624675593914173,,
sweep_d3072,fused,fwd_bwd,ok,1,4096,3072,50257,128,fp16,,27.019765625,1306.682368,1367.343104,0.35765211845726363,,
sweep_d3072,naive_subset,forward,ok,1,4096,3072,50257,128,fp16,,14.15435302734375,6799.726592,6878.65856,0.2275784322870252,,
sweep_d3072,naive_subset,fwd_bwd,ok,1,4096,3072,50257,128,fp16,,37.22988525390625,10098.547712,10152.312832,0.2595677195912406,,
sweep_d3072,dense_gemm,forward,ok,1,4096,3072,50257,128,fp16,,18.73806396484375,770.029568,849.34656,0.17190812658360252,,
sweep_d3072,dense_gemm,fwd_bwd,ok,1,4096,3072,50257,128,fp16,,48.986748046875,1182.784512,1264.582656,0.19727123765702737,,
sweep_d3072,fused,forward,ok,1,4096,3072,50257,128,fp16,50257,14.239150390625,354.12992,436.207616,0.22622315121559797,,
sweep_d3072,fused,backward_only,ok,1,4096,3072,50257,128,fp16,50257,12.074271240234374,996.85376,1054.867456,0.4001763843021145,,
sweep_d3072,fused,fwd_bwd,ok,1,4096,3072,50257,128,fp16,50257,27.02519287109375,1306.682368,1367.343104,0.35758029413867026,,
sweep_d3072,fused,forward,ok,1,4096,3072,50257,128,fp16,4096,11.756031494140625,354.12992,436.207616,0.2740061961900583,,
sweep_d3072,fused,backward_only,ok,1,4096,3072,50257,128,fp16,4096,10.230927124023438,996.85376,1054.867456,0.47227764888035095,,
sweep_d3072,fused,fwd_bwd,ok,1,4096,3072,50257,128,fp16,4096,22.6891259765625,1306.682368,1367.343104,0.4259166450916805,,
sweep_d3072,fused,forward,ok,1,4096,3072,50257,128,fp16,512,11.28891357421875,354.12992,436.207616,0.2853441521030446,,
sweep_d3072,fused,backward_only,ok,1,4096,3072,50257,128,fp16,512,10.195527954101562,996.85376,1054.867456,0.4739174106286667,,
sweep_d3072,fused,fwd_bwd,ok,1,4096,3072,50257,128,fp16,512,22.186884765625,1306.682368,1367.343104,0.4355580568468228,,
sweep_d3072,fused,forward,ok,1,4096,3072,50257,128,fp16,64,9.303746337890624,354.12992,436.207616,0.3462288582483351,,
sweep_d3072,fused,backward_only,ok,1,4096,3072,50257,128,fp16,64,10.193295288085938,996.85376,1054.867456,0.4740212140864317,,
sweep_d3072,fused,fwd_bwd,ok,1,4096,3072,50257,128,fp16,64,20.207340087890625,1306.682368,1367.343104,0.4782260492458886,,
sweep_d3072,fused,correctness_forward,ok,2,4096,3072,50257,128,fp16,,,,,,0.25,0.009149940684437752
sweep_d3072,fused,correctness_grad_H,ok,2,4096,3072,50257,128,fp16,,,,,,0.015625,2.4726054093093808e-08
sweep_d3072,fused,correctness_grad_W,ok,2,4096,3072,50257,128,fp16,,,,,,0.03125,0.0010730321519076824
sweep_d3072,fused,forward,ok,2,4096,3072,50257,128,fp16,,14.2388525390625,354.12992,436.207616,0.2262278834030322,,
sweep_d3072,fused,fwd_bwd,ok,2,4096,3072,50257,128,fp16,,27.02909423828125,1306.682368,1367.343104,0.35752868116140407,,
sweep_d3072,naive_subset,forward,ok,2,4096,3072,50257,128,fp16,,14.15541748046875,6799.726592,6878.65856,0.2275613189398728,,
sweep_d3072,naive_subset,fwd_bwd,ok,2,4096,3072,50257,128,fp16,,37.23387939453125,10098.547712,10152.312832,0.25953987532707534,,
sweep_d3072,dense_gemm,forward,ok,2,4096,3072,50257,128,fp16,,18.742794189453125,770.029568,849.34656,0.17186474116077288,,
sweep_d3072,dense_gemm,fwd_bwd,ok,2,4096,3072,50257,128,fp16,,49.00595703125,1182.784512,1264.582656,0.19719391276937392,,
sweep_d3072,fused,forward,ok,2,4096,3072,50257,128,fp16,50257,14.2394775390625,354.12992,436.207616,0.22621795379524012,,
sweep_d3072,fused,backward_only,ok,2,4096,3072,50257,128,fp16,50257,12.08383544921875,996.85376,1054.867456,0.39985964955459485,,
sweep_d3072,fused,fwd_bwd,ok,2,4096,3072,50257,128,fp16,50257,27.0289501953125,1306.682368,1367.343104,0.3575305865070529,,
sweep_d3072,fused,forward,ok,2,4096,3072,50257,128,fp16,4096,11.754588623046875,354.12992,436.207616,0.2740398303420197,,
sweep_d3072,fused,backward_only,ok,2,4096,3072,50257,128,fp16,4096,10.227589111328125,996.85376,1054.867456,0.47243178772680977,,
sweep_d3072,fused,fwd_bwd,ok,2,4096,3072,50257,128,fp16,4096,22.6851025390625,1306.682368,1367.343104,0.4259921858126795,,
sweep_d3072,fused,forward,ok,2,4096,3072,50257,128,fp16,512,11.282708740234375,354.12992,436.207616,0.2855010748006853,,
sweep_d3072,fused,backward_only,ok,2,4096,3072,50257,128,fp16,512,10.198896484375,996.85376,1054.867456,0.47376088338601274,,
sweep_d3072,fused,fwd_bwd,ok,2,4096,3072,50257,128,fp16,512,22.18482666015625,1306.682368,1367.343104,0.43559846394273954,,
sweep_d3072,fused,forward,ok,2,4096,3072,50257,128,fp16,64,9.303439331054687,354.12992,436.207616,0.34624028355273045,,
sweep_d3072,fused,backward_only,ok,2,4096,3072,50257,128,fp16,64,10.193745727539062,996.85376,1054.867456,0.47400026811993917,,
sweep_d3072,fused,fwd_bwd,ok,2,4096,3072,50257,128,fp16,64,20.205567626953126,1306.682368,1367.343104,0.47826799991053864,,
